id,name,slug,iataCode,provinceId,districtId,locationNote,website,sourceUrl,lastVerifiedAt,status
istanbul-havalimani,İstanbul Havalimanı,istanbul-havalimani,IST,34,34-arnavutkoy,"Avrupa yakası, Karadeniz kıyısı",https://www.istairport.com,https://tr.wikipedia.org/wiki/%C4%B0stanbul_Havaliman%C4%B1,2026-07-21,active
sabiha-gokcen-havalimani,Sabiha Gökçen Havalimanı,sabiha-gokcen-havalimani,SAW,34,34-pendik,"Anadolu yakası, Kurtköy",https://www.sabihagokcen.aero,https://tr.wikipedia.org/wiki/%C4%B0stanbul_Sabiha_G%C3%B6k%C3%A7en_Havaliman%C4%B1,2026-07-21,active
esenboga-havalimani,Esenboğa Havalimanı,esenboga-havalimani,ESB,06,06-akyurt,"Ankara merkezin yaklaşık 28 km kuzeyinde; ilçe sınırı (Akyurt/Çubuk) kaynaklar arasında tam netleşmemiştir",https://www.esenbogaairport.com,https://www.dhmi.gov.tr/Sayfalar/Havalimani/Esenboga/AnaSayfa.aspx,2026-07-21,active
adnan-menderes-havalimani,Adnan Menderes Havalimanı,adnan-menderes-havalimani,ADB,35,35-gaziemir,"İzmir merkezin yaklaşık 14 km güneyinde",https://www.izmirairport.com,https://www.dhmi.gov.tr/sayfalar/havalimani/adnanmenderes/anasayfa.aspx,2026-07-21,active
antalya-havalimani,Antalya Havalimanı,antalya-havalimani,AYT,07,07-muratpasa,"Şehir merkezinin yaklaşık 13 km kuzeydoğusunda",https://www.antalya-airport.aero,https://en.wikipedia.org/wiki/Antalya_Airport,2026-07-21,active
milas-bodrum-havalimani,Milas-Bodrum Havalimanı,milas-bodrum-havalimani,BJV,48,48-milas,"Bodrum yarımadasına hizmet eder; idari olarak Milas ilçesindedir",,https://tr.wikipedia.org/wiki/Milas-Bodrum_Havaliman%C4%B1,2026-07-21,active
dalaman-havalimani,Dalaman Havalimanı,dalaman-havalimani,DLM,48,48-dalaman,,,https://www.dhmi.gov.tr/Sayfalar/Havalimani/Dalaman/AnaSayfa.aspx,2026-07-21,active
trabzon-havalimani,Trabzon Havalimanı,trabzon-havalimani,TZX,61,61-ortahisar,"Şehir merkezinin yaklaşık 5 km doğusunda",,https://tr.wikipedia.org/wiki/Trabzon_Havaliman%C4%B1,2026-07-21,active
kayseri-havalimani,Kayseri Havalimanı (Erkilet),kayseri-havalimani,ASR,38,38-kocasinan,,,https://en.wikipedia.org/wiki/Erkilet_International_Airport,2026-07-21,active
adana-sakirpasa-havalimani,Adana Şakirpaşa Havalimanı,adana-sakirpasa-havalimani,ADA,01,01-seyhan,"11 Ağustos 2024 itibarıyla tarifeli ticari yolcu seferlerine kapatılmıştır; artık yalnızca eğitim uçuşları için kullanılmaktadır",,https://www.iha.com.tr/adana-haberleri/adana-havalimaninin-ada-kodu-artik-tarih-oldu-105335637,2026-07-21,archived
cukurova-havalimani,Çukurova Uluslararası Havalimanı,cukurova-havalimani,COV,33,33-tarsus,"Adana, Mersin ve Osmaniye'ye birlikte hizmet eder; fiziksel olarak Mersin iline bağlı Tarsus ilçesindedir — Adana aramalarında bu havalimanına yönlendirme yapılmalıdır",https://cukurovaairport.aero,https://tr.wikipedia.org/wiki/%C3%87ukurova_Uluslararas%C4%B1_Havaliman%C4%B1,2026-07-21,active
gaziantep-havalimani,Gaziantep Havalimanı (Oğuzeli),gaziantep-havalimani,GZT,27,27-oguzeli,,,https://www.e-yasamrehberi.com/havaalanlari/gaziantep-havalimani-ulasim.html,2026-07-21,active
samsun-carsamba-havalimani,Samsun Çarşamba Havalimanı,samsun-carsamba-havalimani,SZF,55,55-carsamba,,,https://tr.wikipedia.org/wiki/Samsun_%C3%87ar%C5%9Famba_Havaliman%C4%B1,2026-07-21,active
konya-havalimani,Konya Havalimanı,konya-havalimani,KYA,42,42-selcuklu,"Sivil-asker ortak kullanımlı havalimanı",https://www.konyahavalimani.com,https://tr.wikipedia.org/wiki/Konya_Havaliman%C4%B1,2026-07-21,active
bursa-yenisehir-havalimani,Bursa Yenişehir Havalimanı,bursa-yenisehir-havalimani,YEI,16,16-yenisehir,"Bursa merkezin yaklaşık 50 km, Yenişehir ilçe merkezinin yaklaşık 10 km uzağında",,https://tr.wikipedia.org/wiki/Bursa_Yeni%C5%9Fehir_Havaliman%C4%B1,2026-07-21,active
