id,provinceId,name,slug,officialCode,formerNames,latitude,longitude,status,createdAt,updatedAt
01-aladag,01,Aladağ,aladag,1757,,,,active,2026-07-21,2026-07-21
01-ceyhan,01,Ceyhan,ceyhan,1219,,,,active,2026-07-21,2026-07-21
01-feke,01,Feke,feke,1329,,,,active,2026-07-21,2026-07-21
01-karaisali,01,Karaisalı,karaisali,1437,,,,active,2026-07-21,2026-07-21
01-karatas,01,Karataş,karatas,1443,,,,active,2026-07-21,2026-07-21
01-kozan,01,Kozan,kozan,1486,,,,active,2026-07-21,2026-07-21
01-pozanti,01,Pozantı,pozanti,1580,,,,active,2026-07-21,2026-07-21
01-saimbeyli,01,Saimbeyli,saimbeyli,1588,,,,active,2026-07-21,2026-07-21
01-saricam,01,Sarıçam,saricam,2032,,,,active,2026-07-21,2026-07-21
01-seyhan,01,Seyhan,seyhan,1104,,,,active,2026-07-21,2026-07-21
01-tufanbeyli,01,Tufanbeyli,tufanbeyli,1687,,,,active,2026-07-21,2026-07-21
01-yumurtalik,01,Yumurtalık,yumurtalik,1734,,,,active,2026-07-21,2026-07-21
01-yuregir,01,Yüreğir,yuregir,1748,,,,active,2026-07-21,2026-07-21
01-cukurova,01,Çukurova,cukurova,2033,,,,active,2026-07-21,2026-07-21
01-imamoglu,01,İmamoğlu,imamoglu,1806,,,,active,2026-07-21,2026-07-21
02-besni,02,Besni,besni,1182,,,,active,2026-07-21,2026-07-21
02-gerger,02,Gerger,gerger,1347,,,,active,2026-07-21,2026-07-21
02-golbasi,02,Gölbaşı,golbasi,1354,,,,active,2026-07-21,2026-07-21
02-kahta,02,Kahta,kahta,1425,,,,active,2026-07-21,2026-07-21
02-merkez,02,Merkez,merkez,1105,,,,active,2026-07-21,2026-07-21
02-samsat,02,Samsat,samsat,1592,,,,active,2026-07-21,2026-07-21
02-sincik,02,Sincik,sincik,1985,,,,active,2026-07-21,2026-07-21
02-tut,02,Tut,tut,1989,,,,active,2026-07-21,2026-07-21
02-celikhan,02,Çelikhan,celikhan,1246,,,,active,2026-07-21,2026-07-21
03-bayat,03,Bayat,bayat,1773,,,,active,2026-07-21,2026-07-21
03-basmakci,03,Başmakçı,basmakci,1771,,,,active,2026-07-21,2026-07-21
03-bolvadin,03,Bolvadin,bolvadin,1200,,,,active,2026-07-21,2026-07-21
03-dazkiri,03,Dazkırı,dazkiri,1267,,,,active,2026-07-21,2026-07-21
03-dinar,03,Dinar,dinar,1281,,,,active,2026-07-21,2026-07-21
03-emirdag,03,Emirdağ,emirdag,1306,,,,active,2026-07-21,2026-07-21
03-evciler,03,Evciler,evciler,1923,,,,active,2026-07-21,2026-07-21
03-hocalar,03,Hocalar,hocalar,1944,,,,active,2026-07-21,2026-07-21
03-kiziloren,03,Kızılören,kiziloren,1961,,,,active,2026-07-21,2026-07-21
03-merkez,03,Merkez,merkez,1108,,,,active,2026-07-21,2026-07-21
03-sandikli,03,Sandıklı,sandikli,1594,,,,active,2026-07-21,2026-07-21
03-sinanpasa,03,Sinanpaşa,sinanpasa,1626,,,,active,2026-07-21,2026-07-21
03-sultandagi,03,Sultandağı,sultandagi,1639,,,,active,2026-07-21,2026-07-21
03-cay,03,Çay,cay,1239,,,,active,2026-07-21,2026-07-21
03-cobanlar,03,Çobanlar,cobanlar,1906,,,,active,2026-07-21,2026-07-21
03-ihsaniye,03,İhsaniye,ihsaniye,1404,,,,active,2026-07-21,2026-07-21
03-iscehisar,03,İscehisar,iscehisar,1809,,,,active,2026-07-21,2026-07-21
03-suhut,03,Şuhut,suhut,1664,,,,active,2026-07-21,2026-07-21
04-diyadin,04,Diyadin,diyadin,1283,,,,active,2026-07-21,2026-07-21
04-dogubayazit,04,Doğubayazıt,dogubayazit,1287,,,,active,2026-07-21,2026-07-21
04-eleskirt,04,Eleşkirt,eleskirt,1301,,,,active,2026-07-21,2026-07-21
04-hamur,04,Hamur,hamur,1379,,,,active,2026-07-21,2026-07-21
04-merkez,04,Merkez,merkez,1111,,,,active,2026-07-21,2026-07-21
04-patnos,04,Patnos,patnos,1568,,,,active,2026-07-21,2026-07-21
04-taslicay,04,Taşlıçay,taslicay,1667,,,,active,2026-07-21,2026-07-21
04-tutak,04,Tutak,tutak,1691,,,,active,2026-07-21,2026-07-21
05-goynucek,05,Göynücek,goynucek,1363,,,,active,2026-07-21,2026-07-21
05-gumushacikoy,05,Gümüşhacıköy,gumushacikoy,1368,,,,active,2026-07-21,2026-07-21
05-hamamozu,05,Hamamözü,hamamozu,1938,,,,active,2026-07-21,2026-07-21
05-merkez,05,Merkez,merkez,1134,,,,active,2026-07-21,2026-07-21
05-merzifon,05,Merzifon,merzifon,1524,,,,active,2026-07-21,2026-07-21
05-suluova,05,Suluova,suluova,1641,,,,active,2026-07-21,2026-07-21
05-tasova,05,Taşova,tasova,1668,,,,active,2026-07-21,2026-07-21
06-akyurt,06,Akyurt,akyurt,1872,,,,active,2026-07-21,2026-07-21
06-altindag,06,Altındağ,altindag,1130,,,,active,2026-07-21,2026-07-21
06-ayas,06,Ayaş,ayas,1157,,,,active,2026-07-21,2026-07-21
06-bala,06,Bala,bala,1167,,,,active,2026-07-21,2026-07-21
06-beypazari,06,Beypazarı,beypazari,1187,,,,active,2026-07-21,2026-07-21
06-elmadag,06,Elmadağ,elmadag,1302,,,,active,2026-07-21,2026-07-21
06-etimesgut,06,Etimesgut,etimesgut,1922,,,,active,2026-07-21,2026-07-21
06-evren,06,Evren,evren,1924,,,,active,2026-07-21,2026-07-21
06-golbasi,06,Gölbaşı,golbasi,1744,,,,active,2026-07-21,2026-07-21
06-gudul,06,Güdül,gudul,1365,,,,active,2026-07-21,2026-07-21
06-haymana,06,Haymana,haymana,1387,,,,active,2026-07-21,2026-07-21
06-kahramankazan,06,Kahramankazan,kahramankazan,1815,,,,active,2026-07-21,2026-07-21
06-kalecik,06,Kalecik,kalecik,1427,,,,active,2026-07-21,2026-07-21
06-kecioren,06,Keçiören,kecioren,1745,,,,active,2026-07-21,2026-07-21
06-kizilcahamam,06,Kızılcahamam,kizilcahamam,1473,,,,active,2026-07-21,2026-07-21
06-mamak,06,Mamak,mamak,1746,,,,active,2026-07-21,2026-07-21
06-nallihan,06,Nallıhan,nallihan,1539,,,,active,2026-07-21,2026-07-21
06-polatli,06,Polatlı,polatli,1578,,,,active,2026-07-21,2026-07-21
06-pursaklar,06,Pursaklar,pursaklar,2034,,,,active,2026-07-21,2026-07-21
06-sincan,06,Sincan,sincan,1747,,,,active,2026-07-21,2026-07-21
06-yenimahalle,06,Yenimahalle,yenimahalle,1723,,,,active,2026-07-21,2026-07-21
06-camlidere,06,Çamlıdere,camlidere,1227,,,,active,2026-07-21,2026-07-21
06-cankaya,06,Çankaya,cankaya,1231,,,,active,2026-07-21,2026-07-21
06-cubuk,06,Çubuk,cubuk,1260,,,,active,2026-07-21,2026-07-21
06-sereflikochisar,06,Şereflikoçhisar,sereflikochisar,1658,,,,active,2026-07-21,2026-07-21
07-akseki,07,Akseki,akseki,1121,,,,active,2026-07-21,2026-07-21
07-aksu,07,Aksu,aksu,2035,,,,active,2026-07-21,2026-07-21
07-alanya,07,Alanya,alanya,1126,,,,active,2026-07-21,2026-07-21
07-demre,07,Demre,demre,1811,,,,active,2026-07-21,2026-07-21
07-dosemealti,07,Döşemealtı,dosemealti,2036,,,,active,2026-07-21,2026-07-21
07-elmali,07,Elmalı,elmali,1303,,,,active,2026-07-21,2026-07-21
07-finike,07,Finike,finike,1333,,,,active,2026-07-21,2026-07-21
07-gazipasa,07,Gazipaşa,gazipasa,1337,,,,active,2026-07-21,2026-07-21
07-gundogmus,07,Gündoğmuş,gundogmus,1370,,,,active,2026-07-21,2026-07-21
07-kas,07,Kaş,kas,1451,,,,active,2026-07-21,2026-07-21
07-kemer,07,Kemer,kemer,1959,,,,active,2026-07-21,2026-07-21
07-kepez,07,Kepez,kepez,2037,,,,active,2026-07-21,2026-07-21
07-konyaalti,07,Konyaaltı,konyaalti,2038,,,,active,2026-07-21,2026-07-21
07-korkuteli,07,Korkuteli,korkuteli,1483,,,,active,2026-07-21,2026-07-21
07-kumluca,07,Kumluca,kumluca,1492,,,,active,2026-07-21,2026-07-21
07-manavgat,07,Manavgat,manavgat,1512,,,,active,2026-07-21,2026-07-21
07-muratpasa,07,Muratpaşa,muratpasa,2039,,,,active,2026-07-21,2026-07-21
07-serik,07,Serik,serik,1616,,,,active,2026-07-21,2026-07-21
07-ibradi,07,İbradı,ibradi,1946,,,,active,2026-07-21,2026-07-21
08-ardanuc,08,Ardanuç,ardanuc,1145,,,,active,2026-07-21,2026-07-21
08-arhavi,08,Arhavi,arhavi,1147,,,,active,2026-07-21,2026-07-21
08-borcka,08,Borçka,borcka,1202,,,,active,2026-07-21,2026-07-21
08-hopa,08,Hopa,hopa,1395,,,,active,2026-07-21,2026-07-21
08-kemalpasa,08,Kemalpaşa,kemalpasa,2105,,,,active,2026-07-21,2026-07-21
08-merkez,08,Merkez,merkez,1152,,,,active,2026-07-21,2026-07-21
08-murgul,08,Murgul,murgul,1828,,,,active,2026-07-21,2026-07-21
08-yusufeli,08,Yusufeli,yusufeli,1736,,,,active,2026-07-21,2026-07-21
08-savsat,08,Şavşat,savsat,1653,,,,active,2026-07-21,2026-07-21
09-bozdogan,09,Bozdoğan,bozdogan,1206,,,,active,2026-07-21,2026-07-21
09-buharkent,09,Buharkent,buharkent,1781,,,,active,2026-07-21,2026-07-21
09-didim,09,Didim,didim,2000,,,,active,2026-07-21,2026-07-21
09-efeler,09,Efeler,efeler,2076,Merkez,,,active,2026-07-21,2026-07-21
09-germencik,09,Germencik,germencik,1348,,,,active,2026-07-21,2026-07-21
09-karacasu,09,Karacasu,karacasu,1435,,,,active,2026-07-21,2026-07-21
09-karpuzlu,09,Karpuzlu,karpuzlu,1957,,,,active,2026-07-21,2026-07-21
09-kocarli,09,Koçarlı,kocarli,1479,,,,active,2026-07-21,2026-07-21
09-kuyucak,09,Kuyucak,kuyucak,1498,,,,active,2026-07-21,2026-07-21
09-kusadasi,09,Kuşadası,kusadasi,1497,,,,active,2026-07-21,2026-07-21
09-kosk,09,Köşk,kosk,1968,,,,active,2026-07-21,2026-07-21
09-nazilli,09,Nazilli,nazilli,1542,,,,active,2026-07-21,2026-07-21
09-sultanhisar,09,Sultanhisar,sultanhisar,1640,,,,active,2026-07-21,2026-07-21
09-soke,09,Söke,soke,1637,,,,active,2026-07-21,2026-07-21
09-yenipazar,09,Yenipazar,yenipazar,1724,,,,active,2026-07-21,2026-07-21
09-cine,09,Çine,cine,1256,,,,active,2026-07-21,2026-07-21
09-incirliova,09,İncirliova,incirliova,1807,,,,active,2026-07-21,2026-07-21
10-altieylul,10,Altıeylül,altieylul,2077,,,,active,2026-07-21,2026-07-21
10-ayvalik,10,Ayvalık,ayvalik,1161,,,,active,2026-07-21,2026-07-21
10-balya,10,Balya,balya,1169,,,,active,2026-07-21,2026-07-21
10-bandirma,10,Bandırma,bandirma,1171,,,,active,2026-07-21,2026-07-21
10-bigadic,10,Bigadiç,bigadic,1191,,,,active,2026-07-21,2026-07-21
10-burhaniye,10,Burhaniye,burhaniye,1216,,,,active,2026-07-21,2026-07-21
10-dursunbey,10,Dursunbey,dursunbey,1291,,,,active,2026-07-21,2026-07-21
10-edremit,10,Edremit,edremit,1294,,,,active,2026-07-21,2026-07-21
10-erdek,10,Erdek,erdek,1310,,,,active,2026-07-21,2026-07-21
10-gomec,10,Gömeç,gomec,1928,,,,active,2026-07-21,2026-07-21
10-gonen,10,Gönen,gonen,1360,,,,active,2026-07-21,2026-07-21
10-havran,10,Havran,havran,1384,,,,active,2026-07-21,2026-07-21
10-karesi,10,Karesi,karesi,2078,,,,active,2026-07-21,2026-07-21
10-kepsut,10,Kepsut,kepsut,1462,,,,active,2026-07-21,2026-07-21
10-manyas,10,Manyas,manyas,1514,,,,active,2026-07-21,2026-07-21
10-marmara,10,Marmara,marmara,1824,,,,active,2026-07-21,2026-07-21
10-savastepe,10,Savaştepe,savastepe,1608,,,,active,2026-07-21,2026-07-21
10-susurluk,10,Susurluk,susurluk,1644,,,,active,2026-07-21,2026-07-21
10-sindirgi,10,Sındırgı,sindirgi,1619,,,,active,2026-07-21,2026-07-21
10-ivrindi,10,İvrindi,ivrindi,1418,,,,active,2026-07-21,2026-07-21
11-bozuyuk,11,Bozüyük,bozuyuk,1210,,,,active,2026-07-21,2026-07-21
11-golpazari,11,Gölpazarı,golpazari,1359,,,,active,2026-07-21,2026-07-21
11-merkez,11,Merkez,merkez,1192,,,,active,2026-07-21,2026-07-21
11-osmaneli,11,Osmaneli,osmaneli,1559,,,,active,2026-07-21,2026-07-21
11-pazaryeri,11,Pazaryeri,pazaryeri,1571,,,,active,2026-07-21,2026-07-21
11-sogut,11,Söğüt,sogut,1636,,,,active,2026-07-21,2026-07-21
11-yenipazar,11,Yenipazar,yenipazar,1857,,,,active,2026-07-21,2026-07-21
11-inhisar,11,İnhisar,inhisar,1948,,,,active,2026-07-21,2026-07-21
12-adakli,12,Adaklı,adakli,1750,,,,active,2026-07-21,2026-07-21
12-genc,12,Genç,genc,1344,,,,active,2026-07-21,2026-07-21
12-karliova,12,Karlıova,karliova,1446,,,,active,2026-07-21,2026-07-21
12-kigi,12,Kiğı,kigi,1475,,,,active,2026-07-21,2026-07-21
12-merkez,12,Merkez,merkez,1193,,,,active,2026-07-21,2026-07-21
12-solhan,12,Solhan,solhan,1633,,,,active,2026-07-21,2026-07-21
12-yayladere,12,Yayladere,yayladere,1855,,,,active,2026-07-21,2026-07-21
12-yedisu,12,Yedisu,yedisu,1996,,,,active,2026-07-21,2026-07-21
13-adilcevaz,13,Adilcevaz,adilcevaz,1106,,,,active,2026-07-21,2026-07-21
13-ahlat,13,Ahlat,ahlat,1112,,,,active,2026-07-21,2026-07-21
13-guroymak,13,Güroymak,guroymak,1798,,,,active,2026-07-21,2026-07-21
13-hizan,13,Hizan,hizan,1394,,,,active,2026-07-21,2026-07-21
13-merkez,13,Merkez,merkez,1196,,,,active,2026-07-21,2026-07-21
13-mutki,13,Mutki,mutki,1537,,,,active,2026-07-21,2026-07-21
13-tatvan,13,Tatvan,tatvan,1669,,,,active,2026-07-21,2026-07-21
14-dortdivan,14,Dörtdivan,dortdivan,1916,,,,active,2026-07-21,2026-07-21
14-gerede,14,Gerede,gerede,1346,,,,active,2026-07-21,2026-07-21
14-goynuk,14,Göynük,goynuk,1364,,,,active,2026-07-21,2026-07-21
14-kibriscik,14,Kıbrıscık,kibriscik,1466,,,,active,2026-07-21,2026-07-21
14-mengen,14,Mengen,mengen,1522,,,,active,2026-07-21,2026-07-21
14-merkez,14,Merkez,merkez,1199,,,,active,2026-07-21,2026-07-21
14-mudurnu,14,Mudurnu,mudurnu,1531,,,,active,2026-07-21,2026-07-21
14-seben,14,Seben,seben,1610,,,,active,2026-07-21,2026-07-21
14-yenicaga,14,Yeniçağa,yenicaga,1997,,,,active,2026-07-21,2026-07-21
15-altinyayla,15,Altınyayla,altinyayla,1874,,,,active,2026-07-21,2026-07-21
15-aglasun,15,Ağlasun,aglasun,1109,,,,active,2026-07-21,2026-07-21
15-bucak,15,Bucak,bucak,1211,,,,active,2026-07-21,2026-07-21
15-golhisar,15,Gölhisar,golhisar,1357,,,,active,2026-07-21,2026-07-21
15-karamanli,15,Karamanlı,karamanli,1813,,,,active,2026-07-21,2026-07-21
15-kemer,15,Kemer,kemer,1816,,,,active,2026-07-21,2026-07-21
15-merkez,15,Merkez,merkez,1215,,,,active,2026-07-21,2026-07-21
15-tefenni,15,Tefenni,tefenni,1672,,,,active,2026-07-21,2026-07-21
15-yesilova,15,Yeşilova,yesilova,1728,,,,active,2026-07-21,2026-07-21
15-cavdir,15,Çavdır,cavdir,1899,,,,active,2026-07-21,2026-07-21
15-celtikci,15,Çeltikçi,celtikci,1903,,,,active,2026-07-21,2026-07-21
16-buyukorhan,16,Büyükorhan,buyukorhan,1783,,,,active,2026-07-21,2026-07-21
16-gemlik,16,Gemlik,gemlik,1343,,,,active,2026-07-21,2026-07-21
16-gursu,16,Gürsu,gursu,1935,,,,active,2026-07-21,2026-07-21
16-harmancik,16,Harmancık,harmancik,1799,,,,active,2026-07-21,2026-07-21
16-karacabey,16,Karacabey,karacabey,1434,,,,active,2026-07-21,2026-07-21
16-keles,16,Keles,keles,1457,,,,active,2026-07-21,2026-07-21
16-kestel,16,Kestel,kestel,1960,,,,active,2026-07-21,2026-07-21
16-mudanya,16,Mudanya,mudanya,1530,,,,active,2026-07-21,2026-07-21
16-mustafakemalpasa,16,Mustafakemalpaşa,mustafakemalpasa,1535,,,,active,2026-07-21,2026-07-21
16-nilufer,16,Nilüfer,nilufer,1829,,,,active,2026-07-21,2026-07-21
16-orhaneli,16,Orhaneli,orhaneli,1553,,,,active,2026-07-21,2026-07-21
16-orhangazi,16,Orhangazi,orhangazi,1554,,,,active,2026-07-21,2026-07-21
16-osmangazi,16,Osmangazi,osmangazi,1832,,,,active,2026-07-21,2026-07-21
16-yenisehir,16,Yenişehir,yenisehir,1725,,,,active,2026-07-21,2026-07-21
16-yildirim,16,Yıldırım,yildirim,1859,,,,active,2026-07-21,2026-07-21
16-inegol,16,İnegöl,inegol,1411,,,,active,2026-07-21,2026-07-21
16-iznik,16,İznik,iznik,1420,,,,active,2026-07-21,2026-07-21
17-ayvacik,17,Ayvacık,ayvacik,1160,,,,active,2026-07-21,2026-07-21
17-bayramic,17,Bayramiç,bayramic,1180,,,,active,2026-07-21,2026-07-21
17-biga,17,Biga,biga,1190,,,,active,2026-07-21,2026-07-21
17-bozcaada,17,Bozcaada,bozcaada,1205,,,,active,2026-07-21,2026-07-21
17-eceabat,17,Eceabat,eceabat,1293,,,,active,2026-07-21,2026-07-21
17-ezine,17,Ezine,ezine,1326,,,,active,2026-07-21,2026-07-21
17-gelibolu,17,Gelibolu,gelibolu,1340,,,,active,2026-07-21,2026-07-21
17-gokceada,17,Gökçeada,gokceada,1408,,,,active,2026-07-21,2026-07-21
17-lapseki,17,Lapseki,lapseki,1503,,,,active,2026-07-21,2026-07-21
17-merkez,17,Merkez,merkez,1230,,,,active,2026-07-21,2026-07-21
17-yenice,17,Yenice,yenice,1722,,,,active,2026-07-21,2026-07-21
17-can,17,Çan,can,1229,,,,active,2026-07-21,2026-07-21
18-atkaracalar,18,Atkaracalar,atkaracalar,1765,,,,active,2026-07-21,2026-07-21
18-bayramoren,18,Bayramören,bayramoren,1885,,,,active,2026-07-21,2026-07-21
18-eldivan,18,Eldivan,eldivan,1300,,,,active,2026-07-21,2026-07-21
18-ilgaz,18,Ilgaz,ilgaz,1399,,,,active,2026-07-21,2026-07-21
18-korgun,18,Korgun,korgun,1963,,,,active,2026-07-21,2026-07-21
18-kursunlu,18,Kurşunlu,kursunlu,1494,,,,active,2026-07-21,2026-07-21
18-kizilirmak,18,Kızılırmak,kizilirmak,1817,,,,active,2026-07-21,2026-07-21
18-merkez,18,Merkez,merkez,1232,,,,active,2026-07-21,2026-07-21
18-orta,18,Orta,orta,1555,,,,active,2026-07-21,2026-07-21
18-yaprakli,18,Yapraklı,yaprakli,1718,,,,active,2026-07-21,2026-07-21
18-cerkes,18,Çerkeş,cerkes,1248,,,,active,2026-07-21,2026-07-21
18-sabanozu,18,Şabanözü,sabanozu,1649,,,,active,2026-07-21,2026-07-21
19-alaca,19,Alaca,alaca,1124,,,,active,2026-07-21,2026-07-21
19-bayat,19,Bayat,bayat,1177,,,,active,2026-07-21,2026-07-21
19-bogazkale,19,Boğazkale,bogazkale,1778,,,,active,2026-07-21,2026-07-21
19-dodurga,19,Dodurga,dodurga,1911,,,,active,2026-07-21,2026-07-21
19-kargi,19,Kargı,kargi,1445,,,,active,2026-07-21,2026-07-21
19-lacin,19,Laçin,lacin,1972,,,,active,2026-07-21,2026-07-21
19-mecitozu,19,Mecitözü,mecitozu,1520,,,,active,2026-07-21,2026-07-21
19-merkez,19,Merkez,merkez,1259,,,,active,2026-07-21,2026-07-21
19-ortakoy,19,Ortaköy,ortakoy,1556,,,,active,2026-07-21,2026-07-21
19-osmancik,19,Osmancık,osmancik,1558,,,,active,2026-07-21,2026-07-21
19-oguzlar,19,Oğuzlar,oguzlar,1976,,,,active,2026-07-21,2026-07-21
19-sungurlu,19,Sungurlu,sungurlu,1642,,,,active,2026-07-21,2026-07-21
19-ugurludag,19,Uğurludağ,ugurludag,1850,,,,active,2026-07-21,2026-07-21
19-iskilip,19,İskilip,iskilip,1414,,,,active,2026-07-21,2026-07-21
20-acipayam,20,Acıpayam,acipayam,1102,,,,active,2026-07-21,2026-07-21
20-babadag,20,Babadağ,babadag,1769,,,,active,2026-07-21,2026-07-21
20-baklan,20,Baklan,baklan,1881,,,,active,2026-07-21,2026-07-21
20-bekilli,20,Bekilli,bekilli,1774,,,,active,2026-07-21,2026-07-21
20-beyagac,20,Beyağaç,beyagac,1888,,,,active,2026-07-21,2026-07-21
20-bozkurt,20,Bozkurt,bozkurt,1889,,,,active,2026-07-21,2026-07-21
20-buldan,20,Buldan,buldan,1214,,,,active,2026-07-21,2026-07-21
20-guney,20,Güney,guney,1371,,,,active,2026-07-21,2026-07-21
20-honaz,20,Honaz,honaz,1803,,,,active,2026-07-21,2026-07-21
20-kale,20,Kale,kale,1426,,,,active,2026-07-21,2026-07-21
20-merkezefendi,20,Merkezefendi,merkezefendi,2079,,,,active,2026-07-21,2026-07-21
20-pamukkale,20,Pamukkale,pamukkale,1871,,,,active,2026-07-21,2026-07-21
20-saraykoy,20,Sarayköy,saraykoy,1597,,,,active,2026-07-21,2026-07-21
20-serinhisar,20,Serinhisar,serinhisar,1840,,,,active,2026-07-21,2026-07-21
20-tavas,20,Tavas,tavas,1670,,,,active,2026-07-21,2026-07-21
20-cal,20,Çal,cal,1224,,,,active,2026-07-21,2026-07-21
20-cameli,20,Çameli,cameli,1226,,,,active,2026-07-21,2026-07-21
20-cardak,20,Çardak,cardak,1233,,,,active,2026-07-21,2026-07-21
20-civril,20,Çivril,civril,1257,,,,active,2026-07-21,2026-07-21
21-baglar,21,Bağlar,baglar,2040,,,,active,2026-07-21,2026-07-21
21-bismil,21,Bismil,bismil,1195,,,,active,2026-07-21,2026-07-21
21-dicle,21,Dicle,dicle,1278,,,,active,2026-07-21,2026-07-21
21-ergani,21,Ergani,ergani,1315,,,,active,2026-07-21,2026-07-21
21-egil,21,Eğil,egil,1791,,,,active,2026-07-21,2026-07-21
21-hani,21,Hani,hani,1381,,,,active,2026-07-21,2026-07-21
21-hazro,21,Hazro,hazro,1389,,,,active,2026-07-21,2026-07-21
21-kayapinar,21,Kayapınar,kayapinar,2041,,,,active,2026-07-21,2026-07-21
21-kocakoy,21,Kocaköy,kocakoy,1962,,,,active,2026-07-21,2026-07-21
21-kulp,21,Kulp,kulp,1490,,,,active,2026-07-21,2026-07-21
21-lice,21,Lice,lice,1504,,,,active,2026-07-21,2026-07-21
21-silvan,21,Silvan,silvan,1624,,,,active,2026-07-21,2026-07-21
21-sur,21,Sur,sur,2042,,,,active,2026-07-21,2026-07-21
21-yenisehir,21,Yenişehir,yenisehir,2043,,,,active,2026-07-21,2026-07-21
21-cermik,21,Çermik,cermik,1249,,,,active,2026-07-21,2026-07-21
21-cungus,21,Çüngüş,cungus,1263,,,,active,2026-07-21,2026-07-21
21-cinar,21,Çınar,cinar,1253,,,,active,2026-07-21,2026-07-21
22-enez,22,Enez,enez,1307,,,,active,2026-07-21,2026-07-21
22-havsa,22,Havsa,havsa,1385,,,,active,2026-07-21,2026-07-21
22-kesan,22,Keşan,kesan,1464,,,,active,2026-07-21,2026-07-21
22-lalapasa,22,Lalapaşa,lalapasa,1502,,,,active,2026-07-21,2026-07-21
22-meric,22,Meriç,meric,1523,,,,active,2026-07-21,2026-07-21
22-merkez,22,Merkez,merkez,1295,,,,active,2026-07-21,2026-07-21
22-suloglu,22,Süloğlu,suloglu,1988,,,,active,2026-07-21,2026-07-21
22-uzunkopru,22,Uzunköprü,uzunkopru,1705,,,,active,2026-07-21,2026-07-21
22-ipsala,22,İpsala,ipsala,1412,,,,active,2026-07-21,2026-07-21
23-alacakaya,23,Alacakaya,alacakaya,1873,,,,active,2026-07-21,2026-07-21
23-aricak,23,Arıcak,aricak,1762,,,,active,2026-07-21,2026-07-21
23-agin,23,Ağın,agin,1110,,,,active,2026-07-21,2026-07-21
23-baskil,23,Baskil,baskil,1173,,,,active,2026-07-21,2026-07-21
23-karakocan,23,Karakoçan,karakocan,1438,,,,active,2026-07-21,2026-07-21
23-keban,23,Keban,keban,1455,,,,active,2026-07-21,2026-07-21
23-kovancilar,23,Kovancılar,kovancilar,1820,,,,active,2026-07-21,2026-07-21
23-maden,23,Maden,maden,1506,,,,active,2026-07-21,2026-07-21
23-merkez,23,Merkez,merkez,1298,,,,active,2026-07-21,2026-07-21
23-palu,23,Palu,palu,1566,,,,active,2026-07-21,2026-07-21
23-sivrice,23,Sivrice,sivrice,1631,,,,active,2026-07-21,2026-07-21
24-kemah,24,Kemah,kemah,1459,,,,active,2026-07-21,2026-07-21
24-kemaliye,24,Kemaliye,kemaliye,1460,,,,active,2026-07-21,2026-07-21
24-merkez,24,Merkez,merkez,1318,,,,active,2026-07-21,2026-07-21
24-otlukbeli,24,Otlukbeli,otlukbeli,1977,,,,active,2026-07-21,2026-07-21
24-refahiye,24,Refahiye,refahiye,1583,,,,active,2026-07-21,2026-07-21
24-tercan,24,Tercan,tercan,1675,,,,active,2026-07-21,2026-07-21
24-cayirli,24,Çayırlı,cayirli,1243,,,,active,2026-07-21,2026-07-21
24-uzumlu,24,Üzümlü,uzumlu,1853,,,,active,2026-07-21,2026-07-21
24-ilic,24,İliç,ilic,1406,,,,active,2026-07-21,2026-07-21
25-aziziye,25,Aziziye,aziziye,1945,,,,active,2026-07-21,2026-07-21
25-askale,25,Aşkale,askale,1153,,,,active,2026-07-21,2026-07-21
25-horasan,25,Horasan,horasan,1396,,,,active,2026-07-21,2026-07-21
25-hinis,25,Hınıs,hinis,1392,,,,active,2026-07-21,2026-07-21
25-karayazi,25,Karayazı,karayazi,1444,,,,active,2026-07-21,2026-07-21
25-karacoban,25,Karaçoban,karacoban,1812,,,,active,2026-07-21,2026-07-21
25-koprukoy,25,Köprüköy,koprukoy,1967,,,,active,2026-07-21,2026-07-21
25-narman,25,Narman,narman,1540,,,,active,2026-07-21,2026-07-21
25-oltu,25,Oltu,oltu,1550,,,,active,2026-07-21,2026-07-21
25-olur,25,Olur,olur,1551,,,,active,2026-07-21,2026-07-21
25-palandoken,25,Palandöken,palandoken,2044,,,,active,2026-07-21,2026-07-21
25-pasinler,25,Pasinler,pasinler,1567,,,,active,2026-07-21,2026-07-21
25-pazaryolu,25,Pazaryolu,pazaryolu,1865,,,,active,2026-07-21,2026-07-21
25-tekman,25,Tekman,tekman,1674,,,,active,2026-07-21,2026-07-21
25-tortum,25,Tortum,tortum,1683,,,,active,2026-07-21,2026-07-21
25-uzundere,25,Uzundere,uzundere,1851,,,,active,2026-07-21,2026-07-21
25-yakutiye,25,Yakutiye,yakutiye,2045,,,,active,2026-07-21,2026-07-21
25-cat,25,Çat,cat,1235,,,,active,2026-07-21,2026-07-21
25-ispir,25,İspir,ispir,1416,,,,active,2026-07-21,2026-07-21
25-senkaya,25,Şenkaya,senkaya,1657,,,,active,2026-07-21,2026-07-21
26-alpu,26,Alpu,alpu,1759,,,,active,2026-07-21,2026-07-21
26-beylikova,26,Beylikova,beylikova,1777,,,,active,2026-07-21,2026-07-21
26-gunyuzu,26,Günyüzü,gunyuzu,1934,,,,active,2026-07-21,2026-07-21
26-han,26,Han,han,1939,,,,active,2026-07-21,2026-07-21
26-mahmudiye,26,Mahmudiye,mahmudiye,1508,,,,active,2026-07-21,2026-07-21
26-mihalgazi,26,Mihalgazi,mihalgazi,1973,,,,active,2026-07-21,2026-07-21
26-mihaliccik,26,Mihalıççık,mihaliccik,1527,,,,active,2026-07-21,2026-07-21
26-odunpazari,26,Odunpazarı,odunpazari,2046,,,,active,2026-07-21,2026-07-21
26-saricakaya,26,Sarıcakaya,saricakaya,1599,,,,active,2026-07-21,2026-07-21
26-seyitgazi,26,Seyitgazi,seyitgazi,1618,,,,active,2026-07-21,2026-07-21
26-sivrihisar,26,Sivrihisar,sivrihisar,1632,,,,active,2026-07-21,2026-07-21
26-tepebasi,26,Tepebaşı,tepebasi,2047,,,,active,2026-07-21,2026-07-21
26-cifteler,26,Çifteler,cifteler,1255,,,,active,2026-07-21,2026-07-21
26-inonu,26,İnönü,inonu,1808,,,,active,2026-07-21,2026-07-21
27-araban,27,Araban,araban,1139,,,,active,2026-07-21,2026-07-21
27-karkamis,27,Karkamış,karkamis,1956,,,,active,2026-07-21,2026-07-21
27-nizip,27,Nizip,nizip,1546,,,,active,2026-07-21,2026-07-21
27-nurdagi,27,Nurdağı,nurdagi,1974,,,,active,2026-07-21,2026-07-21
27-oguzeli,27,Oğuzeli,oguzeli,1549,,,,active,2026-07-21,2026-07-21
27-yavuzeli,27,Yavuzeli,yavuzeli,1720,,,,active,2026-07-21,2026-07-21
27-islahiye,27,İslahiye,islahiye,1415,,,,active,2026-07-21,2026-07-21
27-sahinbey,27,Şahinbey,sahinbey,1841,,,,active,2026-07-21,2026-07-21
27-sehitkamil,27,Şehitkamil,sehitkamil,1844,,,,active,2026-07-21,2026-07-21
28-alucra,28,Alucra,alucra,1133,,,,active,2026-07-21,2026-07-21
28-bulancak,28,Bulancak,bulancak,1212,,,,active,2026-07-21,2026-07-21
28-dereli,28,Dereli,dereli,1272,,,,active,2026-07-21,2026-07-21
28-dogankent,28,Doğankent,dogankent,1912,,,,active,2026-07-21,2026-07-21
28-espiye,28,Espiye,espiye,1320,,,,active,2026-07-21,2026-07-21
28-eynesil,28,Eynesil,eynesil,1324,,,,active,2026-07-21,2026-07-21
28-gorele,28,Görele,gorele,1361,,,,active,2026-07-21,2026-07-21
28-guce,28,Güce,guce,1930,,,,active,2026-07-21,2026-07-21
28-kesap,28,Keşap,kesap,1465,,,,active,2026-07-21,2026-07-21
28-merkez,28,Merkez,merkez,1352,,,,active,2026-07-21,2026-07-21
28-piraziz,28,Piraziz,piraziz,1837,,,,active,2026-07-21,2026-07-21
28-tirebolu,28,Tirebolu,tirebolu,1678,,,,active,2026-07-21,2026-07-21
28-yaglidere,28,Yağlıdere,yaglidere,1854,,,,active,2026-07-21,2026-07-21
28-camoluk,28,Çamoluk,camoluk,1893,,,,active,2026-07-21,2026-07-21
28-canakci,28,Çanakçı,canakci,1894,,,,active,2026-07-21,2026-07-21
28-sebinkarahisar,28,Şebinkarahisar,sebinkarahisar,1654,,,,active,2026-07-21,2026-07-21
29-kelkit,29,Kelkit,kelkit,1458,,,,active,2026-07-21,2026-07-21
29-kose,29,Köse,kose,1822,,,,active,2026-07-21,2026-07-21
29-kurtun,29,Kürtün,kurtun,1971,,,,active,2026-07-21,2026-07-21
29-merkez,29,Merkez,merkez,1369,,,,active,2026-07-21,2026-07-21
29-torul,29,Torul,torul,1684,,,,active,2026-07-21,2026-07-21
29-siran,29,Şiran,siran,1660,,,,active,2026-07-21,2026-07-21
30-derecik,30,Derecik,derecik,2107,,,,active,2026-07-21,2026-07-21
30-merkez,30,Merkez,merkez,1377,,,,active,2026-07-21,2026-07-21
30-yuksekova,30,Yüksekova,yuksekova,1737,,,,active,2026-07-21,2026-07-21
30-cukurca,30,Çukurca,cukurca,1261,,,,active,2026-07-21,2026-07-21
30-semdinli,30,Şemdinli,semdinli,1656,,,,active,2026-07-21,2026-07-21
31-altinozu,31,Altınözü,altinozu,1131,,,,active,2026-07-21,2026-07-21
31-antakya,31,Antakya,antakya,2080,,,,active,2026-07-21,2026-07-21
31-arsuz,31,Arsuz,arsuz,2081,,,,active,2026-07-21,2026-07-21
31-belen,31,Belen,belen,1887,,,,active,2026-07-21,2026-07-21
31-defne,31,Defne,defne,2082,,,,active,2026-07-21,2026-07-21
31-dortyol,31,Dörtyol,dortyol,1289,,,,active,2026-07-21,2026-07-21
31-erzin,31,Erzin,erzin,1792,,,,active,2026-07-21,2026-07-21
31-hassa,31,Hassa,hassa,1382,,,,active,2026-07-21,2026-07-21
31-kumlu,31,Kumlu,kumlu,1970,,,,active,2026-07-21,2026-07-21
31-kirikhan,31,Kırıkhan,kirikhan,1468,,,,active,2026-07-21,2026-07-21
31-payas,31,Payas,payas,2083,,,,active,2026-07-21,2026-07-21
31-reyhanli,31,Reyhanlı,reyhanli,1585,,,,active,2026-07-21,2026-07-21
31-samandag,31,Samandağ,samandag,1591,,,,active,2026-07-21,2026-07-21
31-yayladagi,31,Yayladağı,yayladagi,1721,,,,active,2026-07-21,2026-07-21
31-iskenderun,31,İskenderun,iskenderun,1413,,,,active,2026-07-21,2026-07-21
32-aksu,32,Aksu,aksu,1755,,,,active,2026-07-21,2026-07-21
32-atabey,32,Atabey,atabey,1154,,,,active,2026-07-21,2026-07-21
32-egirdir,32,Eğirdir,egirdir,1297,,,,active,2026-07-21,2026-07-21
32-gelendost,32,Gelendost,gelendost,1341,,,,active,2026-07-21,2026-07-21
32-gonen,32,Gönen,gonen,1929,,,,active,2026-07-21,2026-07-21
32-keciborlu,32,Keçiborlu,keciborlu,1456,,,,active,2026-07-21,2026-07-21
32-merkez,32,Merkez,merkez,1401,,,,active,2026-07-21,2026-07-21
32-senirkent,32,Senirkent,senirkent,1615,,,,active,2026-07-21,2026-07-21
32-sutculer,32,Sütçüler,sutculer,1648,,,,active,2026-07-21,2026-07-21
32-uluborlu,32,Uluborlu,uluborlu,1699,,,,active,2026-07-21,2026-07-21
32-yalvac,32,Yalvaç,yalvac,1717,,,,active,2026-07-21,2026-07-21
32-yenisarbademli,32,Yenişarbademli,yenisarbademli,2001,,,,active,2026-07-21,2026-07-21
32-sarkikaraagac,32,Şarkikaraağaç,sarkikaraagac,1651,,,,active,2026-07-21,2026-07-21
33-akdeniz,33,Akdeniz,akdeniz,2064,,,,active,2026-07-21,2026-07-21
33-anamur,33,Anamur,anamur,1135,,,,active,2026-07-21,2026-07-21
33-aydincik,33,Aydıncık,aydincik,1766,,,,active,2026-07-21,2026-07-21
33-bozyazi,33,Bozyazı,bozyazi,1779,,,,active,2026-07-21,2026-07-21
33-erdemli,33,Erdemli,erdemli,1311,,,,active,2026-07-21,2026-07-21
33-gulnar,33,Gülnar,gulnar,1366,,,,active,2026-07-21,2026-07-21
33-mezitli,33,Mezitli,mezitli,2065,,,,active,2026-07-21,2026-07-21
33-mut,33,Mut,mut,1536,,,,active,2026-07-21,2026-07-21
33-silifke,33,Silifke,silifke,1621,,,,active,2026-07-21,2026-07-21
33-tarsus,33,Tarsus,tarsus,1665,,,,active,2026-07-21,2026-07-21
33-toroslar,33,Toroslar,toroslar,2066,,,,active,2026-07-21,2026-07-21
33-yenisehir,33,Yenişehir,yenisehir,2067,,,,active,2026-07-21,2026-07-21
33-camliyayla,33,Çamlıyayla,camliyayla,1892,,,,active,2026-07-21,2026-07-21
34-adalar,34,Adalar,adalar,1103,,,,active,2026-07-21,2026-07-21
34-arnavutkoy,34,Arnavutköy,arnavutkoy,2048,,,,active,2026-07-21,2026-07-21
34-atasehir,34,Ataşehir,atasehir,2049,,,,active,2026-07-21,2026-07-21
34-avcilar,34,Avcılar,avcilar,2003,,,,active,2026-07-21,2026-07-21
34-bahcelievler,34,Bahçelievler,bahcelievler,2005,,,,active,2026-07-21,2026-07-21
34-bakirkoy,34,Bakırköy,bakirkoy,1166,,,,active,2026-07-21,2026-07-21
34-bayrampasa,34,Bayrampaşa,bayrampasa,1886,,,,active,2026-07-21,2026-07-21
34-bagcilar,34,Bağcılar,bagcilar,2004,,,,active,2026-07-21,2026-07-21
34-basaksehir,34,Başakşehir,basaksehir,2050,,,,active,2026-07-21,2026-07-21
34-beykoz,34,Beykoz,beykoz,1185,,,,active,2026-07-21,2026-07-21
34-beylikduzu,34,Beylikdüzü,beylikduzu,2051,,,,active,2026-07-21,2026-07-21
34-beyoglu,34,Beyoğlu,beyoglu,1186,,,,active,2026-07-21,2026-07-21
34-besiktas,34,Beşiktaş,besiktas,1183,,,,active,2026-07-21,2026-07-21
34-buyukcekmece,34,Büyükçekmece,buyukcekmece,1782,,,,active,2026-07-21,2026-07-21
34-esenler,34,Esenler,esenler,2016,,,,active,2026-07-21,2026-07-21
34-esenyurt,34,Esenyurt,esenyurt,2053,,,,active,2026-07-21,2026-07-21
34-eyupsultan,34,Eyüpsultan,eyupsultan,1325,Eyüp,,,active,2026-07-21,2026-07-21
34-fatih,34,Fatih,fatih,1327,,,,active,2026-07-21,2026-07-21
34-gaziosmanpasa,34,Gaziosmanpaşa,gaziosmanpasa,1336,,,,active,2026-07-21,2026-07-21
34-gungoren,34,Güngören,gungoren,2010,,,,active,2026-07-21,2026-07-21
34-kadikoy,34,Kadıköy,kadikoy,1421,,,,active,2026-07-21,2026-07-21
34-kartal,34,Kartal,kartal,1449,,,,active,2026-07-21,2026-07-21
34-kagithane,34,Kağıthane,kagithane,1810,,,,active,2026-07-21,2026-07-21
34-kucukcekmece,34,Küçükçekmece,kucukcekmece,1823,,,,active,2026-07-21,2026-07-21
34-maltepe,34,Maltepe,maltepe,2012,,,,active,2026-07-21,2026-07-21
34-pendik,34,Pendik,pendik,1835,,,,active,2026-07-21,2026-07-21
34-sancaktepe,34,Sancaktepe,sancaktepe,2054,,,,active,2026-07-21,2026-07-21
34-sariyer,34,Sarıyer,sariyer,1604,,,,active,2026-07-21,2026-07-21
34-silivri,34,Silivri,silivri,1622,,,,active,2026-07-21,2026-07-21
34-sultanbeyli,34,Sultanbeyli,sultanbeyli,2014,,,,active,2026-07-21,2026-07-21
34-sultangazi,34,Sultangazi,sultangazi,2055,,,,active,2026-07-21,2026-07-21
34-tuzla,34,Tuzla,tuzla,2015,,,,active,2026-07-21,2026-07-21
34-zeytinburnu,34,Zeytinburnu,zeytinburnu,1739,,,,active,2026-07-21,2026-07-21
34-catalca,34,Çatalca,catalca,1237,,,,active,2026-07-21,2026-07-21
34-cekmekoy,34,Çekmeköy,cekmekoy,2052,,,,active,2026-07-21,2026-07-21
34-umraniye,34,Ümraniye,umraniye,1852,,,,active,2026-07-21,2026-07-21
34-uskudar,34,Üsküdar,uskudar,1708,,,,active,2026-07-21,2026-07-21
34-sile,34,Şile,sile,1659,,,,active,2026-07-21,2026-07-21
34-sisli,34,Şişli,sisli,1663,,,,active,2026-07-21,2026-07-21
35-aliaga,35,Aliağa,aliaga,1128,,,,active,2026-07-21,2026-07-21
35-balcova,35,Balçova,balcova,2006,,,,active,2026-07-21,2026-07-21
35-bayrakli,35,Bayraklı,bayrakli,2056,,,,active,2026-07-21,2026-07-21
35-bayindir,35,Bayındır,bayindir,1178,,,,active,2026-07-21,2026-07-21
35-bergama,35,Bergama,bergama,1181,,,,active,2026-07-21,2026-07-21
35-beydag,35,Beydağ,beydag,1776,,,,active,2026-07-21,2026-07-21
35-bornova,35,Bornova,bornova,1203,,,,active,2026-07-21,2026-07-21
35-buca,35,Buca,buca,1780,,,,active,2026-07-21,2026-07-21
35-dikili,35,Dikili,dikili,1280,,,,active,2026-07-21,2026-07-21
35-foca,35,Foça,foca,1334,,,,active,2026-07-21,2026-07-21
35-gaziemir,35,Gaziemir,gaziemir,2009,,,,active,2026-07-21,2026-07-21
35-guzelbahce,35,Güzelbahçe,guzelbahce,2018,,,,active,2026-07-21,2026-07-21
35-karabaglar,35,Karabağlar,karabaglar,2057,,,,active,2026-07-21,2026-07-21
35-karaburun,35,Karaburun,karaburun,1432,,,,active,2026-07-21,2026-07-21
35-karsiyaka,35,Karşıyaka,karsiyaka,1448,,,,active,2026-07-21,2026-07-21
35-kemalpasa,35,Kemalpaşa,kemalpasa,1461,,,,active,2026-07-21,2026-07-21
35-kiraz,35,Kiraz,kiraz,1477,,,,active,2026-07-21,2026-07-21
35-konak,35,Konak,konak,1819,,,,active,2026-07-21,2026-07-21
35-kinik,35,Kınık,kinik,1467,,,,active,2026-07-21,2026-07-21
35-menderes,35,Menderes,menderes,1826,,,,active,2026-07-21,2026-07-21
35-menemen,35,Menemen,menemen,1521,,,,active,2026-07-21,2026-07-21
35-narlidere,35,Narlıdere,narlidere,2013,,,,active,2026-07-21,2026-07-21
35-seferihisar,35,Seferihisar,seferihisar,1611,,,,active,2026-07-21,2026-07-21
35-selcuk,35,Selçuk,selcuk,1612,,,,active,2026-07-21,2026-07-21
35-tire,35,Tire,tire,1677,,,,active,2026-07-21,2026-07-21
35-torbali,35,Torbalı,torbali,1682,,,,active,2026-07-21,2026-07-21
35-urla,35,Urla,urla,1703,,,,active,2026-07-21,2026-07-21
35-cesme,35,Çeşme,cesme,1251,,,,active,2026-07-21,2026-07-21
35-cigli,35,Çiğli,cigli,2007,,,,active,2026-07-21,2026-07-21
35-odemis,35,Ödemiş,odemis,1563,,,,active,2026-07-21,2026-07-21
36-akyaka,36,Akyaka,akyaka,1756,,,,active,2026-07-21,2026-07-21
36-arpacay,36,Arpaçay,arpacay,1149,,,,active,2026-07-21,2026-07-21
36-digor,36,Digor,digor,1279,,,,active,2026-07-21,2026-07-21
36-kagizman,36,Kağızman,kagizman,1424,,,,active,2026-07-21,2026-07-21
36-merkez,36,Merkez,merkez,1447,,,,active,2026-07-21,2026-07-21
36-sarikamis,36,Sarıkamış,sarikamis,1601,,,,active,2026-07-21,2026-07-21
36-selim,36,Selim,selim,1614,,,,active,2026-07-21,2026-07-21
36-susuz,36,Susuz,susuz,1645,,,,active,2026-07-21,2026-07-21
37-abana,37,Abana,abana,1101,,,,active,2026-07-21,2026-07-21
37-arac,37,Araç,arac,1140,,,,active,2026-07-21,2026-07-21
37-azdavay,37,Azdavay,azdavay,1162,,,,active,2026-07-21,2026-07-21
37-agli,37,Ağlı,agli,1867,,,,active,2026-07-21,2026-07-21
37-bozkurt,37,Bozkurt,bozkurt,1208,,,,active,2026-07-21,2026-07-21
37-cide,37,Cide,cide,1221,,,,active,2026-07-21,2026-07-21
37-daday,37,Daday,daday,1264,,,,active,2026-07-21,2026-07-21
37-devrekani,37,Devrekani,devrekani,1277,,,,active,2026-07-21,2026-07-21
37-doganyurt,37,Doğanyurt,doganyurt,1915,,,,active,2026-07-21,2026-07-21
37-hanonu,37,Hanönü,hanonu,1940,,,,active,2026-07-21,2026-07-21
37-kure,37,Küre,kure,1499,,,,active,2026-07-21,2026-07-21
37-merkez,37,Merkez,merkez,1450,,,,active,2026-07-21,2026-07-21
37-pinarbasi,37,Pınarbaşı,pinarbasi,1836,,,,active,2026-07-21,2026-07-21
37-seydiler,37,Seydiler,seydiler,1984,,,,active,2026-07-21,2026-07-21
37-taskopru,37,Taşköprü,taskopru,1666,,,,active,2026-07-21,2026-07-21
37-tosya,37,Tosya,tosya,1685,,,,active,2026-07-21,2026-07-21
37-catalzeytin,37,Çatalzeytin,catalzeytin,1238,,,,active,2026-07-21,2026-07-21
37-ihsangazi,37,İhsangazi,ihsangazi,1805,,,,active,2026-07-21,2026-07-21
37-inebolu,37,İnebolu,inebolu,1410,,,,active,2026-07-21,2026-07-21
37-senpazar,37,Şenpazar,senpazar,1845,,,,active,2026-07-21,2026-07-21
38-akkisla,38,Akkışla,akkisla,1752,,,,active,2026-07-21,2026-07-21
38-bunyan,38,Bünyan,bunyan,1218,,,,active,2026-07-21,2026-07-21
38-develi,38,Develi,develi,1275,,,,active,2026-07-21,2026-07-21
38-felahiye,38,Felahiye,felahiye,1330,,,,active,2026-07-21,2026-07-21
38-hacilar,38,Hacılar,hacilar,1936,,,,active,2026-07-21,2026-07-21
38-kocasinan,38,Kocasinan,kocasinan,1863,,,,active,2026-07-21,2026-07-21
38-melikgazi,38,Melikgazi,melikgazi,1864,,,,active,2026-07-21,2026-07-21
38-pinarbasi,38,Pınarbaşı,pinarbasi,1576,,,,active,2026-07-21,2026-07-21
38-sarioglan,38,Sarıoğlan,sarioglan,1603,,,,active,2026-07-21,2026-07-21
38-sariz,38,Sarız,sariz,1605,,,,active,2026-07-21,2026-07-21
38-talas,38,Talas,talas,1846,,,,active,2026-07-21,2026-07-21
38-tomarza,38,Tomarza,tomarza,1680,,,,active,2026-07-21,2026-07-21
38-yahyali,38,Yahyalı,yahyali,1715,,,,active,2026-07-21,2026-07-21
38-yesilhisar,38,Yeşilhisar,yesilhisar,1727,,,,active,2026-07-21,2026-07-21
38-ozvatan,38,Özvatan,ozvatan,1978,,,,active,2026-07-21,2026-07-21
38-incesu,38,İncesu,incesu,1409,,,,active,2026-07-21,2026-07-21
39-babaeski,39,Babaeski,babaeski,1163,,,,active,2026-07-21,2026-07-21
39-demirkoy,39,Demirköy,demirkoy,1270,,,,active,2026-07-21,2026-07-21
39-kofcaz,39,Kofçaz,kofcaz,1480,,,,active,2026-07-21,2026-07-21
39-luleburgaz,39,Lüleburgaz,luleburgaz,1505,,,,active,2026-07-21,2026-07-21
39-merkez,39,Merkez,merkez,1471,,,,active,2026-07-21,2026-07-21
39-pehlivankoy,39,Pehlivanköy,pehlivankoy,1572,,,,active,2026-07-21,2026-07-21
39-pinarhisar,39,Pınarhisar,pinarhisar,1577,,,,active,2026-07-21,2026-07-21
39-vize,39,Vize,vize,1714,,,,active,2026-07-21,2026-07-21
40-akpinar,40,Akpınar,akpinar,1754,,,,active,2026-07-21,2026-07-21
40-akcakent,40,Akçakent,akcakent,1869,,,,active,2026-07-21,2026-07-21
40-boztepe,40,Boztepe,boztepe,1890,,,,active,2026-07-21,2026-07-21
40-kaman,40,Kaman,kaman,1429,,,,active,2026-07-21,2026-07-21
40-merkez,40,Merkez,merkez,1472,,,,active,2026-07-21,2026-07-21
40-mucur,40,Mucur,mucur,1529,,,,active,2026-07-21,2026-07-21
40-cicekdagi,40,Çiçekdağı,cicekdagi,1254,,,,active,2026-07-21,2026-07-21
41-basiskele,41,Başiskele,basiskele,2058,,,,active,2026-07-21,2026-07-21
41-darica,41,Darıca,darica,2060,,,,active,2026-07-21,2026-07-21
41-derince,41,Derince,derince,2030,,,,active,2026-07-21,2026-07-21
41-dilovasi,41,Dilovası,dilovasi,2061,,,,active,2026-07-21,2026-07-21
41-gebze,41,Gebze,gebze,1338,,,,active,2026-07-21,2026-07-21
41-golcuk,41,Gölcük,golcuk,1355,,,,active,2026-07-21,2026-07-21
41-kandira,41,Kandıra,kandira,1430,,,,active,2026-07-21,2026-07-21
41-karamursel,41,Karamürsel,karamursel,1440,,,,active,2026-07-21,2026-07-21
41-kartepe,41,Kartepe,kartepe,2063,,,,active,2026-07-21,2026-07-21
41-korfez,41,Körfez,korfez,1821,,,,active,2026-07-21,2026-07-21
41-cayirova,41,Çayırova,cayirova,2059,,,,active,2026-07-21,2026-07-21
41-izmit,41,İzmit,izmit,2062,,,,active,2026-07-21,2026-07-21
42-ahirli,42,Ahırlı,ahirli,1868,,,,active,2026-07-21,2026-07-21
42-akoren,42,Akören,akoren,1753,,,,active,2026-07-21,2026-07-21
42-aksehir,42,Akşehir,aksehir,1122,,,,active,2026-07-21,2026-07-21
42-altinekin,42,Altınekin,altinekin,1760,,,,active,2026-07-21,2026-07-21
42-beysehir,42,Beyşehir,beysehir,1188,,,,active,2026-07-21,2026-07-21
42-bozkir,42,Bozkır,bozkir,1207,,,,active,2026-07-21,2026-07-21
42-cihanbeyli,42,Cihanbeyli,cihanbeyli,1222,,,,active,2026-07-21,2026-07-21
42-derbent,42,Derbent,derbent,1907,,,,active,2026-07-21,2026-07-21
42-derebucak,42,Derebucak,derebucak,1789,,,,active,2026-07-21,2026-07-21
42-doganhisar,42,Doğanhisar,doganhisar,1285,,,,active,2026-07-21,2026-07-21
42-emirgazi,42,Emirgazi,emirgazi,1920,,,,active,2026-07-21,2026-07-21
42-eregli,42,Ereğli,eregli,1312,,,,active,2026-07-21,2026-07-21
42-guneysinir,42,Güneysınır,guneysinir,1933,,,,active,2026-07-21,2026-07-21
42-hadim,42,Hadim,hadim,1375,,,,active,2026-07-21,2026-07-21
42-halkapinar,42,Halkapınar,halkapinar,1937,,,,active,2026-07-21,2026-07-21
42-huyuk,42,Hüyük,huyuk,1804,,,,active,2026-07-21,2026-07-21
42-ilgin,42,Ilgın,ilgin,1400,,,,active,2026-07-21,2026-07-21
42-kadinhani,42,Kadınhanı,kadinhani,1422,,,,active,2026-07-21,2026-07-21
42-karapinar,42,Karapınar,karapinar,1441,,,,active,2026-07-21,2026-07-21
42-karatay,42,Karatay,karatay,1814,,,,active,2026-07-21,2026-07-21
42-kulu,42,Kulu,kulu,1491,,,,active,2026-07-21,2026-07-21
42-meram,42,Meram,meram,1827,,,,active,2026-07-21,2026-07-21
42-sarayonu,42,Sarayönü,sarayonu,1598,,,,active,2026-07-21,2026-07-21
42-selcuklu,42,Selçuklu,selcuklu,1839,,,,active,2026-07-21,2026-07-21
42-seydisehir,42,Seydişehir,seydisehir,1617,,,,active,2026-07-21,2026-07-21
42-taskent,42,Taşkent,taskent,1848,,,,active,2026-07-21,2026-07-21
42-tuzlukcu,42,Tuzlukçu,tuzlukcu,1990,,,,active,2026-07-21,2026-07-21
42-yalihuyuk,42,Yalıhüyük,yalihuyuk,1994,,,,active,2026-07-21,2026-07-21
42-yunak,42,Yunak,yunak,1735,,,,active,2026-07-21,2026-07-21
42-celtik,42,Çeltik,celtik,1902,,,,active,2026-07-21,2026-07-21
42-cumra,42,Çumra,cumra,1262,,,,active,2026-07-21,2026-07-21
43-altintas,43,Altıntaş,altintas,1132,,,,active,2026-07-21,2026-07-21
43-aslanapa,43,Aslanapa,aslanapa,1764,,,,active,2026-07-21,2026-07-21
43-domanic,43,Domaniç,domanic,1288,,,,active,2026-07-21,2026-07-21
43-dumlupinar,43,Dumlupınar,dumlupinar,1790,,,,active,2026-07-21,2026-07-21
43-emet,43,Emet,emet,1304,,,,active,2026-07-21,2026-07-21
43-gediz,43,Gediz,gediz,1339,,,,active,2026-07-21,2026-07-21
43-hisarcik,43,Hisarcık,hisarcik,1802,,,,active,2026-07-21,2026-07-21
43-merkez,43,Merkez,merkez,1500,,,,active,2026-07-21,2026-07-21
43-pazarlar,43,Pazarlar,pazarlar,1979,,,,active,2026-07-21,2026-07-21
43-simav,43,Simav,simav,1625,,,,active,2026-07-21,2026-07-21
43-tavsanli,43,Tavşanlı,tavsanli,1671,,,,active,2026-07-21,2026-07-21
43-cavdarhisar,43,Çavdarhisar,cavdarhisar,1898,,,,active,2026-07-21,2026-07-21
43-saphane,43,Şaphane,saphane,1843,,,,active,2026-07-21,2026-07-21
44-akcadag,44,Akçadağ,akcadag,1114,,,,active,2026-07-21,2026-07-21
44-arapgir,44,Arapgir,arapgir,1143,,,,active,2026-07-21,2026-07-21
44-arguvan,44,Arguvan,arguvan,1148,,,,active,2026-07-21,2026-07-21
44-battalgazi,44,Battalgazi,battalgazi,1772,,,,active,2026-07-21,2026-07-21
44-darende,44,Darende,darende,1265,,,,active,2026-07-21,2026-07-21
44-doganyol,44,Doğanyol,doganyol,1914,,,,active,2026-07-21,2026-07-21
44-dogansehir,44,Doğanşehir,dogansehir,1286,,,,active,2026-07-21,2026-07-21
44-hekimhan,44,Hekimhan,hekimhan,1390,,,,active,2026-07-21,2026-07-21
44-kale,44,Kale,kale,1953,,,,active,2026-07-21,2026-07-21
44-kuluncak,44,Kuluncak,kuluncak,1969,,,,active,2026-07-21,2026-07-21
44-puturge,44,Pütürge,puturge,1582,,,,active,2026-07-21,2026-07-21
44-yazihan,44,Yazıhan,yazihan,1995,,,,active,2026-07-21,2026-07-21
44-yesilyurt,44,Yeşilyurt,yesilyurt,1729,,,,active,2026-07-21,2026-07-21
45-ahmetli,45,Ahmetli,ahmetli,1751,,,,active,2026-07-21,2026-07-21
45-akhisar,45,Akhisar,akhisar,1118,,,,active,2026-07-21,2026-07-21
45-alasehir,45,Alaşehir,alasehir,1127,,,,active,2026-07-21,2026-07-21
45-demirci,45,Demirci,demirci,1269,,,,active,2026-07-21,2026-07-21
45-golmarmara,45,Gölmarmara,golmarmara,1793,,,,active,2026-07-21,2026-07-21
45-gordes,45,Gördes,gordes,1362,,,,active,2026-07-21,2026-07-21
45-kula,45,Kula,kula,1489,,,,active,2026-07-21,2026-07-21
45-koprubasi,45,Köprübaşı,koprubasi,1965,,,,active,2026-07-21,2026-07-21
45-kirkagac,45,Kırkağaç,kirkagac,1470,,,,active,2026-07-21,2026-07-21
45-salihli,45,Salihli,salihli,1590,,,,active,2026-07-21,2026-07-21
45-saruhanli,45,Saruhanlı,saruhanli,1606,,,,active,2026-07-21,2026-07-21
45-sarigol,45,Sarıgöl,sarigol,1600,,,,active,2026-07-21,2026-07-21
45-selendi,45,Selendi,selendi,1613,,,,active,2026-07-21,2026-07-21
45-soma,45,Soma,soma,1634,,,,active,2026-07-21,2026-07-21
45-turgutlu,45,Turgutlu,turgutlu,1689,,,,active,2026-07-21,2026-07-21
45-yunusemre,45,Yunusemre,yunusemre,2087,,,,active,2026-07-21,2026-07-21
45-sehzadeler,45,Şehzadeler,sehzadeler,2086,,,,active,2026-07-21,2026-07-21
46-afsin,46,Afşin,afsin,1107,,,,active,2026-07-21,2026-07-21
46-andirin,46,Andırın,andirin,1136,,,,active,2026-07-21,2026-07-21
46-dulkadiroglu,46,Dulkadiroğlu,dulkadiroglu,2084,,,,active,2026-07-21,2026-07-21
46-ekinozu,46,Ekinözü,ekinozu,1919,,,,active,2026-07-21,2026-07-21
46-elbistan,46,Elbistan,elbistan,1299,,,,active,2026-07-21,2026-07-21
46-goksun,46,Göksun,goksun,1353,,,,active,2026-07-21,2026-07-21
46-nurhak,46,Nurhak,nurhak,1975,,,,active,2026-07-21,2026-07-21
46-onikisubat,46,Onikişubat,onikisubat,2085,,,,active,2026-07-21,2026-07-21
46-pazarcik,46,Pazarcık,pazarcik,1570,,,,active,2026-07-21,2026-07-21
46-turkoglu,46,Türkoğlu,turkoglu,1694,,,,active,2026-07-21,2026-07-21
46-caglayancerit,46,Çağlayancerit,caglayancerit,1785,,,,active,2026-07-21,2026-07-21
47-artuklu,47,Artuklu,artuklu,2088,Merkez,,,active,2026-07-21,2026-07-21
47-dargecit,47,Dargeçit,dargecit,1787,,,,active,2026-07-21,2026-07-21
47-derik,47,Derik,derik,1273,,,,active,2026-07-21,2026-07-21
47-kiziltepe,47,Kızıltepe,kiziltepe,1474,,,,active,2026-07-21,2026-07-21
47-mazidagi,47,Mazıdağı,mazidagi,1519,,,,active,2026-07-21,2026-07-21
47-midyat,47,Midyat,midyat,1526,,,,active,2026-07-21,2026-07-21
47-nusaybin,47,Nusaybin,nusaybin,1547,,,,active,2026-07-21,2026-07-21
47-savur,47,Savur,savur,1609,,,,active,2026-07-21,2026-07-21
47-yesilli,47,Yeşilli,yesilli,2002,,,,active,2026-07-21,2026-07-21
47-omerli,47,Ömerli,omerli,1564,,,,active,2026-07-21,2026-07-21
48-bodrum,48,Bodrum,bodrum,1197,,,,active,2026-07-21,2026-07-21
48-dalaman,48,Dalaman,dalaman,1742,,,,active,2026-07-21,2026-07-21
48-datca,48,Datça,datca,1266,,,,active,2026-07-21,2026-07-21
48-fethiye,48,Fethiye,fethiye,1331,,,,active,2026-07-21,2026-07-21
48-kavaklidere,48,Kavaklıdere,kavaklidere,1958,,,,active,2026-07-21,2026-07-21
48-koycegiz,48,Köyceğiz,koycegiz,1488,,,,active,2026-07-21,2026-07-21
48-marmaris,48,Marmaris,marmaris,1517,,,,active,2026-07-21,2026-07-21
48-mentese,48,Menteşe,mentese,2089,Merkez,,,active,2026-07-21,2026-07-21
48-milas,48,Milas,milas,1528,,,,active,2026-07-21,2026-07-21
48-ortaca,48,Ortaca,ortaca,1831,,,,active,2026-07-21,2026-07-21
48-seydikemer,48,Seydikemer,seydikemer,2090,,,,active,2026-07-21,2026-07-21
48-ula,48,Ula,ula,1695,,,,active,2026-07-21,2026-07-21
48-yatagan,48,Yatağan,yatagan,1719,,,,active,2026-07-21,2026-07-21
49-bulanik,49,Bulanık,bulanik,1213,,,,active,2026-07-21,2026-07-21
49-haskoy,49,Hasköy,haskoy,1801,,,,active,2026-07-21,2026-07-21
49-korkut,49,Korkut,korkut,1964,,,,active,2026-07-21,2026-07-21
49-malazgirt,49,Malazgirt,malazgirt,1510,,,,active,2026-07-21,2026-07-21
49-merkez,49,Merkez,merkez,1534,,,,active,2026-07-21,2026-07-21
49-varto,49,Varto,varto,1711,,,,active,2026-07-21,2026-07-21
50-acigol,50,Acıgöl,acigol,1749,,,,active,2026-07-21,2026-07-21
50-avanos,50,Avanos,avanos,1155,,,,active,2026-07-21,2026-07-21
50-derinkuyu,50,Derinkuyu,derinkuyu,1274,,,,active,2026-07-21,2026-07-21
50-gulsehir,50,Gülşehir,gulsehir,1367,,,,active,2026-07-21,2026-07-21
50-hacibektas,50,Hacıbektaş,hacibektas,1374,,,,active,2026-07-21,2026-07-21
50-kozakli,50,Kozaklı,kozakli,1485,,,,active,2026-07-21,2026-07-21
50-merkez,50,Merkez,merkez,1543,,,,active,2026-07-21,2026-07-21
50-urgup,50,Ürgüp,urgup,1707,,,,active,2026-07-21,2026-07-21
51-altunhisar,51,Altunhisar,altunhisar,1876,,,,active,2026-07-21,2026-07-21
51-bor,51,Bor,bor,1201,,,,active,2026-07-21,2026-07-21
51-merkez,51,Merkez,merkez,1544,,,,active,2026-07-21,2026-07-21
51-ulukisla,51,Ulukışla,ulukisla,1700,,,,active,2026-07-21,2026-07-21
51-camardi,51,Çamardı,camardi,1225,,,,active,2026-07-21,2026-07-21
51-ciftlik,51,Çiftlik,ciftlik,1904,,,,active,2026-07-21,2026-07-21
52-akkus,52,Akkuş,akkus,1119,,,,active,2026-07-21,2026-07-21
52-altinordu,52,Altınordu,altinordu,2103,Merkez,,,active,2026-07-21,2026-07-21
52-aybasti,52,Aybastı,aybasti,1158,,,,active,2026-07-21,2026-07-21
52-fatsa,52,Fatsa,fatsa,1328,,,,active,2026-07-21,2026-07-21
52-golkoy,52,Gölköy,golkoy,1358,,,,active,2026-07-21,2026-07-21
52-gulyali,52,Gülyalı,gulyali,1795,,,,active,2026-07-21,2026-07-21
52-gurgentepe,52,Gürgentepe,gurgentepe,1797,,,,active,2026-07-21,2026-07-21
52-kabaduz,52,Kabadüz,kabaduz,1950,,,,active,2026-07-21,2026-07-21
52-kabatas,52,Kabataş,kabatas,1951,,,,active,2026-07-21,2026-07-21
52-korgan,52,Korgan,korgan,1482,,,,active,2026-07-21,2026-07-21
52-kumru,52,Kumru,kumru,1493,,,,active,2026-07-21,2026-07-21
52-mesudiye,52,Mesudiye,mesudiye,1525,,,,active,2026-07-21,2026-07-21
52-persembe,52,Perşembe,persembe,1573,,,,active,2026-07-21,2026-07-21
52-ulubey,52,Ulubey,ulubey,1696,,,,active,2026-07-21,2026-07-21
52-camas,52,Çamaş,camas,1891,,,,active,2026-07-21,2026-07-21
52-catalpinar,52,Çatalpınar,catalpinar,1897,,,,active,2026-07-21,2026-07-21
52-caybasi,52,Çaybaşı,caybasi,1900,,,,active,2026-07-21,2026-07-21
52-unye,52,Ünye,unye,1706,,,,active,2026-07-21,2026-07-21
52-ikizce,52,İkizce,ikizce,1947,,,,active,2026-07-21,2026-07-21
53-ardesen,53,Ardeşen,ardesen,1146,,,,active,2026-07-21,2026-07-21
53-derepazari,53,Derepazarı,derepazari,1908,,,,active,2026-07-21,2026-07-21
53-findikli,53,Fındıklı,findikli,1332,,,,active,2026-07-21,2026-07-21
53-guneysu,53,Güneysu,guneysu,1796,,,,active,2026-07-21,2026-07-21
53-hemsin,53,Hemşin,hemsin,1943,,,,active,2026-07-21,2026-07-21
53-kalkandere,53,Kalkandere,kalkandere,1428,,,,active,2026-07-21,2026-07-21
53-merkez,53,Merkez,merkez,1586,,,,active,2026-07-21,2026-07-21
53-pazar,53,Pazar,pazar,1569,,,,active,2026-07-21,2026-07-21
53-camlihemsin,53,Çamlıhemşin,camlihemsin,1228,,,,active,2026-07-21,2026-07-21
53-cayeli,53,Çayeli,cayeli,1241,,,,active,2026-07-21,2026-07-21
53-ikizdere,53,İkizdere,ikizdere,1405,,,,active,2026-07-21,2026-07-21
53-iyidere,53,İyidere,iyidere,1949,,,,active,2026-07-21,2026-07-21
54-adapazari,54,Adapazarı,adapazari,2068,,,,active,2026-07-21,2026-07-21
54-akyazi,54,Akyazı,akyazi,1123,,,,active,2026-07-21,2026-07-21
54-arifiye,54,Arifiye,arifiye,2069,,,,active,2026-07-21,2026-07-21
54-erenler,54,Erenler,erenler,2070,,,,active,2026-07-21,2026-07-21
54-ferizli,54,Ferizli,ferizli,1925,,,,active,2026-07-21,2026-07-21
54-geyve,54,Geyve,geyve,1351,,,,active,2026-07-21,2026-07-21
54-hendek,54,Hendek,hendek,1391,,,,active,2026-07-21,2026-07-21
54-karapurcek,54,Karapürçek,karapurcek,1955,,,,active,2026-07-21,2026-07-21
54-karasu,54,Karasu,karasu,1442,,,,active,2026-07-21,2026-07-21
54-kaynarca,54,Kaynarca,kaynarca,1453,,,,active,2026-07-21,2026-07-21
54-kocaali,54,Kocaali,kocaali,1818,,,,active,2026-07-21,2026-07-21
54-pamukova,54,Pamukova,pamukova,1833,,,,active,2026-07-21,2026-07-21
54-sapanca,54,Sapanca,sapanca,1595,,,,active,2026-07-21,2026-07-21
54-serdivan,54,Serdivan,serdivan,2071,,,,active,2026-07-21,2026-07-21
54-sogutlu,54,Söğütlü,sogutlu,1986,,,,active,2026-07-21,2026-07-21
54-tarakli,54,Taraklı,tarakli,1847,,,,active,2026-07-21,2026-07-21
55-19-mayis,55,19 Mayıs,19-mayis,1830,,,,active,2026-07-21,2026-07-21
55-alacam,55,Alaçam,alacam,1125,,,,active,2026-07-21,2026-07-21
55-asarcik,55,Asarcık,asarcik,1763,,,,active,2026-07-21,2026-07-21
55-atakum,55,Atakum,atakum,2072,,,,active,2026-07-21,2026-07-21
55-ayvacik,55,Ayvacık,ayvacik,1879,,,,active,2026-07-21,2026-07-21
55-bafra,55,Bafra,bafra,1164,,,,active,2026-07-21,2026-07-21
55-canik,55,Canik,canik,2073,,,,active,2026-07-21,2026-07-21
55-havza,55,Havza,havza,1386,,,,active,2026-07-21,2026-07-21
55-kavak,55,Kavak,kavak,1452,,,,active,2026-07-21,2026-07-21
55-ladik,55,Ladik,ladik,1501,,,,active,2026-07-21,2026-07-21
55-salipazari,55,Salıpazarı,salipazari,1838,,,,active,2026-07-21,2026-07-21
55-tekkekoy,55,Tekkeköy,tekkekoy,1849,,,,active,2026-07-21,2026-07-21
55-terme,55,Terme,terme,1676,,,,active,2026-07-21,2026-07-21
55-vezirkopru,55,Vezirköprü,vezirkopru,1712,,,,active,2026-07-21,2026-07-21
55-yakakent,55,Yakakent,yakakent,1993,,,,active,2026-07-21,2026-07-21
55-carsamba,55,Çarşamba,carsamba,1234,,,,active,2026-07-21,2026-07-21
55-ilkadim,55,İlkadım,ilkadim,2074,,,,active,2026-07-21,2026-07-21
56-baykan,56,Baykan,baykan,1179,,,,active,2026-07-21,2026-07-21
56-eruh,56,Eruh,eruh,1317,,,,active,2026-07-21,2026-07-21
56-kurtalan,56,Kurtalan,kurtalan,1495,,,,active,2026-07-21,2026-07-21
56-merkez,56,Merkez,merkez,1620,,,,active,2026-07-21,2026-07-21
56-pervari,56,Pervari,pervari,1575,,,,active,2026-07-21,2026-07-21
56-tillo,56,Tillo,tillo,1878,,,,active,2026-07-21,2026-07-21
56-sirvan,56,Şirvan,sirvan,1662,,,,active,2026-07-21,2026-07-21
57-ayancik,57,Ayancık,ayancik,1156,,,,active,2026-07-21,2026-07-21
57-boyabat,57,Boyabat,boyabat,1204,,,,active,2026-07-21,2026-07-21
57-dikmen,57,Dikmen,dikmen,1910,,,,active,2026-07-21,2026-07-21
57-duragan,57,Durağan,duragan,1290,,,,active,2026-07-21,2026-07-21
57-erfelek,57,Erfelek,erfelek,1314,,,,active,2026-07-21,2026-07-21
57-gerze,57,Gerze,gerze,1349,,,,active,2026-07-21,2026-07-21
57-merkez,57,Merkez,merkez,1627,,,,active,2026-07-21,2026-07-21
57-sarayduzu,57,Saraydüzü,sarayduzu,1981,,,,active,2026-07-21,2026-07-21
57-turkeli,57,Türkeli,turkeli,1693,,,,active,2026-07-21,2026-07-21
58-akincilar,58,Akıncılar,akincilar,1870,,,,active,2026-07-21,2026-07-21
58-altinyayla,58,Altınyayla,altinyayla,1875,,,,active,2026-07-21,2026-07-21
58-divrigi,58,Divriği,divrigi,1282,,,,active,2026-07-21,2026-07-21
58-dogansar,58,Doğanşar,dogansar,1913,,,,active,2026-07-21,2026-07-21
58-gemerek,58,Gemerek,gemerek,1342,,,,active,2026-07-21,2026-07-21
58-golova,58,Gölova,golova,1927,,,,active,2026-07-21,2026-07-21
58-gurun,58,Gürün,gurun,1373,,,,active,2026-07-21,2026-07-21
58-hafik,58,Hafik,hafik,1376,,,,active,2026-07-21,2026-07-21
58-kangal,58,Kangal,kangal,1431,,,,active,2026-07-21,2026-07-21
58-koyulhisar,58,Koyulhisar,koyulhisar,1484,,,,active,2026-07-21,2026-07-21
58-merkez,58,Merkez,merkez,1628,,,,active,2026-07-21,2026-07-21
58-susehri,58,Suşehri,susehri,1646,,,,active,2026-07-21,2026-07-21
58-ulas,58,Ulaş,ulas,1991,,,,active,2026-07-21,2026-07-21
58-yildizeli,58,Yıldızeli,yildizeli,1731,,,,active,2026-07-21,2026-07-21
58-zara,58,Zara,zara,1738,,,,active,2026-07-21,2026-07-21
58-imranli,58,İmranlı,imranli,1407,,,,active,2026-07-21,2026-07-21
58-sarkisla,58,Şarkışla,sarkisla,1650,,,,active,2026-07-21,2026-07-21
59-ergene,59,Ergene,ergene,2094,,,,active,2026-07-21,2026-07-21
59-hayrabolu,59,Hayrabolu,hayrabolu,1388,,,,active,2026-07-21,2026-07-21
59-kapakli,59,Kapaklı,kapakli,2095,,,,active,2026-07-21,2026-07-21
59-malkara,59,Malkara,malkara,1511,,,,active,2026-07-21,2026-07-21
59-marmaraereglisi,59,Marmaraereğlisi,marmaraereglisi,1825,,,,active,2026-07-21,2026-07-21
59-muratli,59,Muratlı,muratli,1538,,,,active,2026-07-21,2026-07-21
59-saray,59,Saray,saray,1596,,,,active,2026-07-21,2026-07-21
59-suleymanpasa,59,Süleymanpaşa,suleymanpasa,2096,Merkez,,,active,2026-07-21,2026-07-21
59-cerkezkoy,59,Çerkezköy,cerkezkoy,1250,,,,active,2026-07-21,2026-07-21
59-corlu,59,Çorlu,corlu,1258,,,,active,2026-07-21,2026-07-21
59-sarkoy,59,Şarköy,sarkoy,1652,,,,active,2026-07-21,2026-07-21
60-almus,60,Almus,almus,1129,,,,active,2026-07-21,2026-07-21
60-artova,60,Artova,artova,1151,,,,active,2026-07-21,2026-07-21
60-basciftlik,60,Başçiftlik,basciftlik,1883,,,,active,2026-07-21,2026-07-21
60-erbaa,60,Erbaa,erbaa,1308,,,,active,2026-07-21,2026-07-21
60-merkez,60,Merkez,merkez,1679,,,,active,2026-07-21,2026-07-21
60-niksar,60,Niksar,niksar,1545,,,,active,2026-07-21,2026-07-21
60-pazar,60,Pazar,pazar,1834,,,,active,2026-07-21,2026-07-21
60-resadiye,60,Reşadiye,resadiye,1584,,,,active,2026-07-21,2026-07-21
60-sulusaray,60,Sulusaray,sulusaray,1987,,,,active,2026-07-21,2026-07-21
60-turhal,60,Turhal,turhal,1690,,,,active,2026-07-21,2026-07-21
60-yesilyurt,60,Yeşilyurt,yesilyurt,1858,,,,active,2026-07-21,2026-07-21
60-zile,60,Zile,zile,1740,,,,active,2026-07-21,2026-07-21
61-akcaabat,61,Akçaabat,akcaabat,1113,,,,active,2026-07-21,2026-07-21
61-arakli,61,Araklı,arakli,1141,,,,active,2026-07-21,2026-07-21
61-arsin,61,Arsin,arsin,1150,,,,active,2026-07-21,2026-07-21
61-besikduzu,61,Beşikdüzü,besikduzu,1775,,,,active,2026-07-21,2026-07-21
61-dernekpazari,61,Dernekpazarı,dernekpazari,1909,,,,active,2026-07-21,2026-07-21
61-duzkoy,61,Düzköy,duzkoy,1917,,,,active,2026-07-21,2026-07-21
61-hayrat,61,Hayrat,hayrat,1942,,,,active,2026-07-21,2026-07-21
61-koprubasi,61,Köprübaşı,koprubasi,1966,,,,active,2026-07-21,2026-07-21
61-macka,61,Maçka,macka,1507,,,,active,2026-07-21,2026-07-21
61-of,61,Of,of,1548,,,,active,2026-07-21,2026-07-21
61-ortahisar,61,Ortahisar,ortahisar,2097,Merkez,,,active,2026-07-21,2026-07-21
61-surmene,61,Sürmene,surmene,1647,,,,active,2026-07-21,2026-07-21
61-tonya,61,Tonya,tonya,1681,,,,active,2026-07-21,2026-07-21
61-vakfikebir,61,Vakfıkebir,vakfikebir,1709,,,,active,2026-07-21,2026-07-21
61-yomra,61,Yomra,yomra,1732,,,,active,2026-07-21,2026-07-21
61-carsibasi,61,Çarşıbaşı,carsibasi,1896,,,,active,2026-07-21,2026-07-21
61-caykara,61,Çaykara,caykara,1244,,,,active,2026-07-21,2026-07-21
61-salpazari,61,Şalpazarı,salpazari,1842,,,,active,2026-07-21,2026-07-21
62-hozat,62,Hozat,hozat,1397,,,,active,2026-07-21,2026-07-21
62-mazgirt,62,Mazgirt,mazgirt,1518,,,,active,2026-07-21,2026-07-21
62-merkez,62,Merkez,merkez,1688,,,,active,2026-07-21,2026-07-21
62-nazimiye,62,Nazımiye,nazimiye,1541,,,,active,2026-07-21,2026-07-21
62-ovacik,62,Ovacık,ovacik,1562,,,,active,2026-07-21,2026-07-21
62-pertek,62,Pertek,pertek,1574,,,,active,2026-07-21,2026-07-21
62-pulumur,62,Pülümür,pulumur,1581,,,,active,2026-07-21,2026-07-21
62-cemisgezek,62,Çemişgezek,cemisgezek,1247,,,,active,2026-07-21,2026-07-21
63-akcakale,63,Akçakale,akcakale,1115,,,,active,2026-07-21,2026-07-21
63-birecik,63,Birecik,birecik,1194,,,,active,2026-07-21,2026-07-21
63-bozova,63,Bozova,bozova,1209,,,,active,2026-07-21,2026-07-21
63-ceylanpinar,63,Ceylanpınar,ceylanpinar,1220,,,,active,2026-07-21,2026-07-21
63-eyyubiye,63,Eyyübiye,eyyubiye,2091,,,,active,2026-07-21,2026-07-21
63-halfeti,63,Halfeti,halfeti,1378,,,,active,2026-07-21,2026-07-21
63-haliliye,63,Haliliye,haliliye,2092,,,,active,2026-07-21,2026-07-21
63-harran,63,Harran,harran,1800,,,,active,2026-07-21,2026-07-21
63-hilvan,63,Hilvan,hilvan,1393,,,,active,2026-07-21,2026-07-21
63-karakopru,63,Karaköprü,karakopru,2093,,,,active,2026-07-21,2026-07-21
63-siverek,63,Siverek,siverek,1630,,,,active,2026-07-21,2026-07-21
63-suruc,63,Suruç,suruc,1643,,,,active,2026-07-21,2026-07-21
63-viransehir,63,Viranşehir,viransehir,1713,,,,active,2026-07-21,2026-07-21
64-banaz,64,Banaz,banaz,1170,,,,active,2026-07-21,2026-07-21
64-esme,64,Eşme,esme,1323,,,,active,2026-07-21,2026-07-21
64-karahalli,64,Karahallı,karahalli,1436,,,,active,2026-07-21,2026-07-21
64-merkez,64,Merkez,merkez,1704,,,,active,2026-07-21,2026-07-21
64-sivasli,64,Sivaslı,sivasli,1629,,,,active,2026-07-21,2026-07-21
64-ulubey,64,Ulubey,ulubey,1697,,,,active,2026-07-21,2026-07-21
65-bahcesaray,65,Bahçesaray,bahcesaray,1770,,,,active,2026-07-21,2026-07-21
65-baskale,65,Başkale,baskale,1175,,,,active,2026-07-21,2026-07-21
65-edremit,65,Edremit,edremit,1918,,,,active,2026-07-21,2026-07-21
65-ercis,65,Erciş,ercis,1309,,,,active,2026-07-21,2026-07-21
65-gevas,65,Gevaş,gevas,1350,,,,active,2026-07-21,2026-07-21
65-gurpinar,65,Gürpınar,gurpinar,1372,,,,active,2026-07-21,2026-07-21
65-muradiye,65,Muradiye,muradiye,1533,,,,active,2026-07-21,2026-07-21
65-saray,65,Saray,saray,1980,,,,active,2026-07-21,2026-07-21
65-tusba,65,Tuşba,tusba,2099,,,,active,2026-07-21,2026-07-21
65-caldiran,65,Çaldıran,caldiran,1786,,,,active,2026-07-21,2026-07-21
65-catak,65,Çatak,catak,1236,,,,active,2026-07-21,2026-07-21
65-ozalp,65,Özalp,ozalp,1565,,,,active,2026-07-21,2026-07-21
65-ipekyolu,65,İpekyolu,ipekyolu,2098,,,,active,2026-07-21,2026-07-21
66-akdagmadeni,66,Akdağmadeni,akdagmadeni,1117,,,,active,2026-07-21,2026-07-21
66-aydincik,66,Aydıncık,aydincik,1877,,,,active,2026-07-21,2026-07-21
66-bogazliyan,66,Boğazlıyan,bogazliyan,1198,,,,active,2026-07-21,2026-07-21
66-kadisehri,66,Kadışehri,kadisehri,1952,,,,active,2026-07-21,2026-07-21
66-merkez,66,Merkez,merkez,1733,,,,active,2026-07-21,2026-07-21
66-saraykent,66,Saraykent,saraykent,1982,,,,active,2026-07-21,2026-07-21
66-sarikaya,66,Sarıkaya,sarikaya,1602,,,,active,2026-07-21,2026-07-21
66-sorgun,66,Sorgun,sorgun,1635,,,,active,2026-07-21,2026-07-21
66-yenifakili,66,Yenifakılı,yenifakili,1998,,,,active,2026-07-21,2026-07-21
66-yerkoy,66,Yerköy,yerkoy,1726,,,,active,2026-07-21,2026-07-21
66-candir,66,Çandır,candir,1895,,,,active,2026-07-21,2026-07-21
66-cayiralan,66,Çayıralan,cayiralan,1242,,,,active,2026-07-21,2026-07-21
66-cekerek,66,Çekerek,cekerek,1245,,,,active,2026-07-21,2026-07-21
66-sefaatli,66,Şefaatli,sefaatli,1655,,,,active,2026-07-21,2026-07-21
67-alapli,67,Alaplı,alapli,1758,,,,active,2026-07-21,2026-07-21
67-devrek,67,Devrek,devrek,1276,,,,active,2026-07-21,2026-07-21
67-eregli,67,Ereğli,eregli,1313,,,,active,2026-07-21,2026-07-21
67-gokcebey,67,Gökçebey,gokcebey,1926,,,,active,2026-07-21,2026-07-21
67-kilimli,67,Kilimli,kilimli,2100,,,,active,2026-07-21,2026-07-21
67-kozlu,67,Kozlu,kozlu,2101,,,,active,2026-07-21,2026-07-21
67-merkez,67,Merkez,merkez,1741,,,,active,2026-07-21,2026-07-21
67-caycuma,67,Çaycuma,caycuma,1240,,,,active,2026-07-21,2026-07-21
68-agacoren,68,Ağaçören,agacoren,1860,,,,active,2026-07-21,2026-07-21
68-eskil,68,Eskil,eskil,1921,,,,active,2026-07-21,2026-07-21
68-gulagac,68,Gülağaç,gulagac,1932,,,,active,2026-07-21,2026-07-21
68-guzelyurt,68,Güzelyurt,guzelyurt,1861,,,,active,2026-07-21,2026-07-21
68-merkez,68,Merkez,merkez,1120,,,,active,2026-07-21,2026-07-21
68-ortakoy,68,Ortaköy,ortakoy,1557,,,,active,2026-07-21,2026-07-21
68-sariyahsi,68,Sarıyahşi,sariyahsi,1866,,,,active,2026-07-21,2026-07-21
68-sultanhani,68,Sultanhanı,sultanhani,2106,,,,active,2026-07-21,2026-07-21
69-aydintepe,69,Aydıntepe,aydintepe,1767,,,,active,2026-07-21,2026-07-21
69-demirozu,69,Demirözü,demirozu,1788,,,,active,2026-07-21,2026-07-21
69-merkez,69,Merkez,merkez,1176,,,,active,2026-07-21,2026-07-21
70-ayranci,70,Ayrancı,ayranci,1768,,,,active,2026-07-21,2026-07-21
70-basyayla,70,Başyayla,basyayla,1884,,,,active,2026-07-21,2026-07-21
70-ermenek,70,Ermenek,ermenek,1316,,,,active,2026-07-21,2026-07-21
70-kazimkarabekir,70,Kazımkarabekir,kazimkarabekir,1862,,,,active,2026-07-21,2026-07-21
70-merkez,70,Merkez,merkez,1439,,,,active,2026-07-21,2026-07-21
70-sariveliler,70,Sarıveliler,sariveliler,1983,,,,active,2026-07-21,2026-07-21
71-bahsili,71,Bahşili,bahsili,1880,,,,active,2026-07-21,2026-07-21
71-baliseyh,71,Balışeyh,baliseyh,1882,,,,active,2026-07-21,2026-07-21
71-delice,71,Delice,delice,1268,,,,active,2026-07-21,2026-07-21
71-karakecili,71,Karakeçili,karakecili,1954,,,,active,2026-07-21,2026-07-21
71-keskin,71,Keskin,keskin,1463,,,,active,2026-07-21,2026-07-21
71-merkez,71,Merkez,merkez,1469,,,,active,2026-07-21,2026-07-21
71-sulakyurt,71,Sulakyurt,sulakyurt,1638,,,,active,2026-07-21,2026-07-21
71-yahsihan,71,Yahşihan,yahsihan,1992,,,,active,2026-07-21,2026-07-21
71-celebi,71,Çelebi,celebi,1901,,,,active,2026-07-21,2026-07-21
72-besiri,72,Beşiri,besiri,1184,,,,active,2026-07-21,2026-07-21
72-gercus,72,Gercüş,gercus,1345,,,,active,2026-07-21,2026-07-21
72-hasankeyf,72,Hasankeyf,hasankeyf,1941,,,,active,2026-07-21,2026-07-21
72-kozluk,72,Kozluk,kozluk,1487,,,,active,2026-07-21,2026-07-21
72-merkez,72,Merkez,merkez,1174,,,,active,2026-07-21,2026-07-21
72-sason,72,Sason,sason,1607,,,,active,2026-07-21,2026-07-21
73-beytussebap,73,Beytüşşebap,beytussebap,1189,,,,active,2026-07-21,2026-07-21
73-cizre,73,Cizre,cizre,1223,,,,active,2026-07-21,2026-07-21
73-guclukonak,73,Güçlükonak,guclukonak,1931,,,,active,2026-07-21,2026-07-21
73-merkez,73,Merkez,merkez,1661,,,,active,2026-07-21,2026-07-21
73-silopi,73,Silopi,silopi,1623,,,,active,2026-07-21,2026-07-21
73-uludere,73,Uludere,uludere,1698,,,,active,2026-07-21,2026-07-21
73-idil,73,İdil,idil,1403,,,,active,2026-07-21,2026-07-21
74-amasra,74,Amasra,amasra,1761,,,,active,2026-07-21,2026-07-21
74-kurucasile,74,Kurucaşile,kurucasile,1496,,,,active,2026-07-21,2026-07-21
74-merkez,74,Merkez,merkez,1172,,,,active,2026-07-21,2026-07-21
74-ulus,74,Ulus,ulus,1701,,,,active,2026-07-21,2026-07-21
75-damal,75,Damal,damal,2008,,,,active,2026-07-21,2026-07-21
75-gole,75,Göle,gole,1356,,,,active,2026-07-21,2026-07-21
75-hanak,75,Hanak,hanak,1380,,,,active,2026-07-21,2026-07-21
75-merkez,75,Merkez,merkez,1144,,,,active,2026-07-21,2026-07-21
75-posof,75,Posof,posof,1579,,,,active,2026-07-21,2026-07-21
75-cildir,75,Çıldır,cildir,1252,,,,active,2026-07-21,2026-07-21
76-aralik,76,Aralık,aralik,1142,,,,active,2026-07-21,2026-07-21
76-karakoyunlu,76,Karakoyunlu,karakoyunlu,2011,,,,active,2026-07-21,2026-07-21
76-merkez,76,Merkez,merkez,1398,,,,active,2026-07-21,2026-07-21
76-tuzluca,76,Tuzluca,tuzluca,1692,,,,active,2026-07-21,2026-07-21
77-altinova,77,Altınova,altinova,2019,,,,active,2026-07-21,2026-07-21
77-armutlu,77,Armutlu,armutlu,2020,,,,active,2026-07-21,2026-07-21
77-merkez,77,Merkez,merkez,1716,,,,active,2026-07-21,2026-07-21
77-termal,77,Termal,termal,2026,,,,active,2026-07-21,2026-07-21
77-ciftlikkoy,77,Çiftlikköy,ciftlikkoy,2022,,,,active,2026-07-21,2026-07-21
77-cinarcik,77,Çınarcık,cinarcik,2021,,,,active,2026-07-21,2026-07-21
78-eflani,78,Eflani,eflani,1296,,,,active,2026-07-21,2026-07-21
78-eskipazar,78,Eskipazar,eskipazar,1321,,,,active,2026-07-21,2026-07-21
78-merkez,78,Merkez,merkez,1433,,,,active,2026-07-21,2026-07-21
78-ovacik,78,Ovacık,ovacik,1561,,,,active,2026-07-21,2026-07-21
78-safranbolu,78,Safranbolu,safranbolu,1587,,,,active,2026-07-21,2026-07-21
78-yenice,78,Yenice,yenice,1856,,,,active,2026-07-21,2026-07-21
79-elbeyli,79,Elbeyli,elbeyli,2023,,,,active,2026-07-21,2026-07-21
79-merkez,79,Merkez,merkez,1476,,,,active,2026-07-21,2026-07-21
79-musabeyli,79,Musabeyli,musabeyli,2024,,,,active,2026-07-21,2026-07-21
79-polateli,79,Polateli,polateli,2025,,,,active,2026-07-21,2026-07-21
80-bahce,80,Bahçe,bahce,1165,,,,active,2026-07-21,2026-07-21
80-duzici,80,Düziçi,duzici,1743,,,,active,2026-07-21,2026-07-21
80-hasanbeyli,80,Hasanbeyli,hasanbeyli,2027,,,,active,2026-07-21,2026-07-21
80-kadirli,80,Kadirli,kadirli,1423,,,,active,2026-07-21,2026-07-21
80-merkez,80,Merkez,merkez,1560,,,,active,2026-07-21,2026-07-21
80-sumbas,80,Sumbas,sumbas,2028,,,,active,2026-07-21,2026-07-21
80-toprakkale,80,Toprakkale,toprakkale,2029,,,,active,2026-07-21,2026-07-21
81-akcakoca,81,Akçakoca,akcakoca,1116,,,,active,2026-07-21,2026-07-21
81-cumayeri,81,Cumayeri,cumayeri,1784,,,,active,2026-07-21,2026-07-21
81-golyaka,81,Gölyaka,golyaka,1794,,,,active,2026-07-21,2026-07-21
81-gumusova,81,Gümüşova,gumusova,2017,,,,active,2026-07-21,2026-07-21
81-kaynasli,81,Kaynaşlı,kaynasli,2031,,,,active,2026-07-21,2026-07-21
81-merkez,81,Merkez,merkez,1292,,,,active,2026-07-21,2026-07-21
81-yigilca,81,Yığılca,yigilca,1730,,,,active,2026-07-21,2026-07-21
81-cilimli,81,Çilimli,cilimli,1905,,,,active,2026-07-21,2026-07-21
