id,provinceId,districtId,vehicleType,openingFee,pricePerKm,minimumFare,waitingFeePerMinute,nightMultiplier,validFrom,validUntil,sourceName,sourceUrl,sourceDocument,sourceDate,lastVerifiedAt,confidenceScore,status,createdAt,updatedAt
34-yellow-2026-02-16,34,,yellow,65.40,43.56,210,,,2026-02-16,2026-07-19,İBB Meclisi (Habertürk/Sabah/CNN Türk ile teyitli),https://www.haberturk.com/bilgi/foto/zamli-taksi-ucretleri-2026-yeni-taksi-acilis-ucreti-ve-kisa-mesafe-indi-bindi-ne-kadar-oldu-3899248,,2026-02-16,2026-07-21,85,expired,2026-07-21,2026-07-21
35-yellow-2026-04-01,35,,yellow,34.50,49.50,180,,,2026-04-01,2026-04-29,Yeni Asır (İzmir; 1 Nisan 2026 UKOME/meclis zammı),https://www.dokuzeylul.com/izmirde-taksilere-yeni-tarife-indi-bindi-ucreti-210-tlye-yukseldi,%15 zam kararı,2026-04-01,2026-07-21,70,expired,2026-07-21,2026-07-21
01-yellow-2024-05-27,01,,yellow,28,31,90,,,2024-05-27,2025-12-11,Adana Büyükşehir Belediyesi (UKOME kararı),https://www.adana.bel.tr/panel/uploads/ukomeduyurular_v/files/2024-100-sayili-ukome-karariyla-belirlenen-taksimetre-ucret-tarifesi.pdf,UKOME karar no. 2024/100; zaman ücreti 120 TL/saat,2024-05-27,2026-07-21,60,expired,2026-07-21,2026-07-21
01-yellow-2022-04-20,01,,yellow,9,8,25,,,2022-04-20,2024-05-26,Adana Büyükşehir Belediyesi (UKOME kararı),https://www.adana.bel.tr/panel/uploads/ukomeduyurular_v/files/1655795136taksimetre-ucret-tarifesi.pdf,UKOME karar no. 2022/76; zaman ücreti 28.20 TL/saat,2022-04-20,2026-07-21,55,expired,2026-07-21,2026-07-21
42-yellow-2024-06-10,42,,yellow,30,30,100,,,2024-06-10,2025-06-11,KONESOB (Konya Esnaf ve Sanatkârlar Odaları Birliği),https://konesob.org.tr/haber/konyada-minibus-ve-taksi-ucretlerine-guncelleme-yapildi,,2024-06-10,2026-07-21,55,expired,2026-07-21,2026-07-21
61-yellow-2023-08-11,61,,yellow,43.50,28,105,5.57,,2023-08-11,,Günebakış / Taka Gazete (Trabzon; UKOME kararı),https://www.gunebakis.com.tr/trabzonda-bir-zam-daha-taksi-ucretlerinde-yuzde-45lik-artis,"Kademeli km ücreti: 0-3 km 32.50 TL, 3 km üzeri 28 TL; bitiş tarihi kesin teyit edilemedi, ara dönem tarifesiyle değiştirilmiştir",2023-08-11,2026-07-21,50,expired,2026-07-21,2026-07-21
33-yellow-2025-05-12,33,,yellow,35,40,155,7,,2025-05-12,2026-04-14,Mersin Esnaf ve Sanatkarlar Odaları Birliği,https://mersinesob.org.tr/haber/49/mersin-de-taksi-ucretlerine-yeni-fiyat-tarifesi,,2025-05-12,2026-07-21,60,expired,2026-07-21,2026-07-21
07-yellow-2025-05-30,07,,yellow,30,36,150,,,2025-05-30,2026-03-22,bha.net.tr / antalyahakkinda.com (Antalya BB Meclisi Mart 2025 kararı),https://www.bha.net.tr/antalya/antalyada-taksi-ucretlerine-zam-geldi-yeni-tarife-30-mayista-yururlukte/436392,Bir önceki tarife; 2026-03-23'te güncellendi,2025-05-30,2026-07-22,62,expired,2026-07-22,2026-07-22
16-yellow-2025-07-20,16,,yellow,45,40,140,,,2025-07-20,2026-03-14,"Bursa BB UKOME Kararı 2025/128 (24 Haziran 2025) — haber sentezi (Osmangazi, Yıldırım, Nilüfer, Kestel, Gürsu, Gemlik, Mudanya için)",,"UKOME Kararı 2025/128; dış ilçelerde (İnegöl vb.) açılış 46 TL, km 42 TL, indi-bindi 150 TL olabilir — bağımsız teyit edilemedi",2025-06-24,2026-07-22,55,expired,2026-07-22,2026-07-22
